Match_ID,Date,Competition_ID,Home_ID,Home_Name,Away_ID,Away_Name,Home_Goals,Away_Goals,Winner
mt_644018124,2026-08-23,comp_3039,tm_1552,Brighton & Hove Albion,tm_1002,Aston Villa,4,0,home
mt_644942623,2026-08-12,comp_4811,tm_01119,Paris Saint-Germain,tm_1002,Aston Villa,2,1,home
mt_252066552,2026-05-24,comp_3039,tm_3039,Manchester City,tm_1002,Aston Villa,1,2,away
mt_642459643,2026-05-20,comp_7739,tm_89592,SC Freiburg,tm_1002,Aston Villa,0,3,away
mt_838955483,2026-05-15,comp_3039,tm_1002,Aston Villa,tm_0406,Liverpool,4,2,home
mt_747399273,2026-05-10,comp_3039,tm_6573,Burnley,tm_1002,Aston Villa,2,2,draw
mt_460618466,2026-05-07,comp_7739,tm_1002,Aston Villa,tm_0836,Nottingham Forest,4,0,home
mt_363788030,2026-05-03,comp_3039,tm_1002,Aston Villa,tm_5130,Tottenham Hotspur,1,2,away
mt_511976728,2026-08-30,comp_3039,tm_4643,Manchester United,tm_9825,Ipswich Town,5,2,home
mt_644018195,2026-08-30,comp_3039,tm_0256,Leeds United,tm_1662,Brentford,1,1,draw
mt_466259577,2026-08-30,comp_3039,tm_2674,Sunderland,tm_5290,Fulham,1,0,home
mt_733621236,2026-08-30,comp_3039,tm_8531,Chelsea,tm_1552,Brighton & Hove Albion,4,3,home
mt_899822853,2026-08-30,comp_8814,tm_20116,Celta Vigo,tm_46224,Athletic Club,0,2,away
mt_200233250,2026-08-30,comp_8814,tm_98394,Deportivo La Coruña,tm_89783,Valencia,3,1,home
mt_988900914,2026-08-30,comp_8814,tm_73673,Real Madrid,tm_15810,Málaga,4,0,home
mt_733746433,2026-08-30,comp_4643,tm_15641,FC Augsburg,tm_15093,FC Schalke 04,3,0,home
mt_733746444,2026-08-30,comp_4643,tm_89592,SC Freiburg,tm_02413,SV Werder Bremen,4,1,home
mt_988230308,2026-08-30,comp_5840,tm_73052,Cagliari,tm_37262,Inter,0,1,away
mt_200713135,2026-08-30,comp_5840,tm_73047,Lazio,tm_51322,Genoa,1,0,home
mt_377145453,2026-08-30,comp_5840,tm_02943,Napoli,tm_02924,Como,1,2,away
mt_511386125,2026-08-30,comp_0256,tm_58813,AS Monaco,tm_25550,Olympique de Marseille,2,0,home
mt_466109685,2026-08-30,comp_0256,tm_83353,Stade Rennais,tm_97723,Le Mans,3,2,home
mt_022917237,2026-08-30,comp_0256,tm_11910,Paris FC,tm_25567,Nice,3,0,home
mt_644694200,2026-08-30,comp_8385,tm_216266,Famalicão,tm_10330,Gil Vicente,0,0,draw
mt_466486021,2026-08-30,comp_8385,tm_487248,Casa Pia,tm_04880,Moreirense,0,1,away
mt_377317643,2026-08-30,comp_8385,tm_52779,CD Nacional,tm_47570,CF Estrela Amadora,2,3,away
mt_155791518,2026-08-30,comp_3809,tm_10474,SC Cambuur,tm_47976,FC Twente,1,4,away
mt_899638980,2026-08-30,comp_3809,tm_91047,SC Telstar,tm_52627,AFC Ajax,0,4,away
mt_377263738,2026-08-30,comp_3809,tm_79196,Feyenoord,tm_63899,ADO Den Haag,2,2,draw
mt_644526464,2026-08-30,comp_3809,tm_26373,Willem II Tilburg,tm_04732,SC Heerenveen,2,2,draw
mt_466104640,2026-08-30,comp_3809,tm_85290,FC Utrecht,tm_91010,PSV Eindhoven,1,6,away
mt_511969435,2026-08-30,comp_6387,tm_37653,Dundee FC,tm_02173,Hibernian,1,2,away
mt_200131639,2026-08-30,comp_6387,tm_73422,St. Mirren,tm_64165,Motherwell,3,3,draw
mt_155848676,2026-08-30,comp_6387,tm_46091,Aberdeen,tm_20535,Rangers,0,1,away
mt_466286125,2026-08-30,comp_4893,tm_62024,Red Bull Salzburg,tm_51679,Austria Wien,4,1,home
mt_511941335,2026-08-30,comp_4893,tm_40288,TSV Hartberg,tm_74640,SV Ried,3,2,home
mt_155865776,2026-08-30,comp_4893,tm_40266,SK Rapid Wien,tm_25152,SK Sturm Graz,3,1,home
mt_517295622,2026-08-30,comp_9799,tm_5357142,St.Louis City,tm_98106,FC Dallas,3,3,draw
mt_370843583,2026-08-30,comp_9799,tm_02201,Columbus Crew,tm_20633,New England Revolution,1,3,away
mt_732967152,2026-08-30,comp_9799,tm_29289308,San Diego FC,tm_51268,LA Galaxy,3,1,home
mt_641306830,2026-08-30,comp_9799,tm_377026,Portland Timbers,tm_5314216,Austin FC,1,2,away
mt_986139021,2026-08-30,comp_9799,tm_15511,Colorado Rapids,tm_59611,Real Salt Lake,1,0,home
mt_641306896,2026-08-30,comp_9799,tm_73376,Sporting Kansas City,tm_155376,Vancouver Whitecaps,0,3,away
mt_028450739,2026-08-30,comp_9799,tm_869273,Minnesota United,tm_343130,Orlando City SC,3,3,draw
mt_894578202,2026-08-30,comp_9799,tm_89986,Houston Dynamo,tm_460479,San Jose Earthquakes,0,0,draw
mt_641306845,2026-08-30,comp_9799,tm_9241601,Nashville SC,tm_3714078,FC Cincinnati,4,0,home
mt_894624426,2026-08-30,comp_4795,tm_40150,Bahia,tm_62523,Internacional,3,2,home
mt_465195940,2026-08-30,comp_4795,tm_66113,Grêmio,tm_460410,Chapecoense,3,1,home
mt_732012165,2026-08-30,comp_4795,tm_988681,Mirassol,tm_58387,Palmeiras,1,1,draw
mt_986406600,2026-08-30,comp_4795,tm_22917,Flamengo,tm_83640,Botafogo,3,0,home
mt_370250538,2026-08-30,comp_4795,tm_36208,Corinthians,tm_83636,Santos,0,1,away
mt_517367767,2026-08-30,comp_4795,tm_36261,Athletico,tm_25892,Fluminense,3,3,draw
mt_986406039,2026-08-30,comp_4795,tm_01922,Vasco da Gama,tm_01988,Cruzeiro,3,1,home
mt_377431621,2026-08-30,comp_8363,tm_3847085,LNZ Cherkasy,tm_5114137,Veres Rivne,0,1,away
mt_022503191,2026-08-30,comp_8363,tm_10088,Chornomorets Odesa,tm_8587932,FC Kryvbas Kryvyi Rih,1,0,home
mt_466225221,2026-08-30,comp_9639,tm_26681,FCSB,tm_3780212,UTA Arad,1,3,away
mt_377440443,2026-08-30,comp_9639,tm_04497,FC Farul Constanța,tm_897249,FC Botoșani,0,0,draw
mt_466285052,2026-08-30,comp_5824,tm_51798,Rubin Kazan,tm_6511948,Dinamo Makhachkala,3,1,home
mt_899704342,2026-08-30,comp_5824,tm_51737,FC Spartak Moscow,tm_896267,Orenburg,1,1,draw
mt_022538189,2026-08-30,comp_5824,tm_7592579,Rodina Moscow,tm_300646,Baltika Kaliningrad,0,3,away
mt_511976372,2026-08-21,comp_3039,tm_9145,Arsenal,tm_2954,Coventry City,3,0,home
mt_377108144,2026-08-16,comp_6323,tm_9145,Arsenal,tm_3039,Manchester City,3,0,home
mt_642459639,2026-05-30,comp_3498,tm_01119,Paris Saint-Germain,tm_9145,Arsenal,1,1,home
mt_585122817,2026-05-24,comp_3039,tm_3498,Crystal Palace,tm_9145,Arsenal,1,2,away
mt_191500937,2026-05-18,comp_3039,tm_9145,Arsenal,tm_6573,Burnley,1,0,home
mt_979811703,2026-05-10,comp_3039,tm_3809,West Ham United,tm_9145,Arsenal,0,1,away
mt_460618477,2026-05-05,comp_3498,tm_9145,Arsenal,tm_64681,Atlético Madrid,1,0,home
mt_252066927,2026-05-02,comp_3039,tm_9145,Arsenal,tm_5290,Fulham,3,0,home
mt_733716922,2026-08-27,comp_8814,tm_37445,Barcelona,tm_46224,Athletic Club,2,0,home
mt_200233267,2026-08-23,comp_8814,tm_64612,Elche,tm_37445,Barcelona,0,5,away
mt_747995447,2026-05-23,comp_8814,tm_89783,Valencia,tm_37445,Barcelona,3,1,home
mt_626339140,2026-05-17,comp_8814,tm_37445,Barcelona,tm_64056,Real Betis,3,1,home
mt_585224649,2026-05-13,comp_8814,tm_46488,Deportivo Alavés,tm_37445,Barcelona,1,0,home
mt_979112067,2026-05-10,comp_8814,tm_37445,Barcelona,tm_73673,Real Madrid,2,0,home
mt_404777402,2026-05-02,comp_8814,tm_15885,Osasuna,tm_37445,Barcelona,1,2,away
mt_404777809,2026-04-25,comp_8814,tm_73740,Getafe,tm_37445,Barcelona,0,2,away
mt_988900971,2026-08-20,comp_8814,tm_89774,Rayo Vallecano,tm_46488,Deportivo Alavés,1,1,draw
mt_988903108,2026-08-15,comp_8814,tm_51959,Sevilla,tm_89774,Rayo Vallecano,2,1,home
mt_734305701,2026-05-27,comp_408698,tm_3498,Crystal Palace,tm_89774,Rayo Vallecano,1,0,home
mt_626339162,2026-05-23,comp_8814,tm_46488,Deportivo Alavés,tm_89774,Rayo Vallecano,1,2,away
mt_979112622,2026-05-17,comp_8814,tm_89774,Rayo Vallecano,tm_73664,Villarreal,2,0,home
mt_747995216,2026-05-14,comp_8814,tm_89783,Valencia,tm_89774,Rayo Vallecano,1,1,draw
mt_838550203,2026-05-11,comp_8814,tm_89774,Rayo Vallecano,tm_029137,Girona FC,1,1,draw
mt_893960808,2026-05-07,comp_408698,tm_74493,RC Strasbourg,tm_89774,Rayo Vallecano,0,1,away
mt_981230632,2026-08-27,comp_8814,tm_20116,Celta Vigo,tm_15885,Osasuna,1,2,away
mt_644688626,2026-08-24,comp_8814,tm_15885,Osasuna,tm_73725,Levante UD,0,0,draw
mt_585224877,2026-05-23,comp_8814,tm_73740,Getafe,tm_15885,Osasuna,1,0,home
mt_626339101,2026-05-17,comp_8814,tm_15885,Osasuna,tm_02599,Espanyol,1,2,away
mt_010443871,2026-05-12,comp_8814,tm_15885,Osasuna,tm_64681,Atlético Madrid,1,2,away
mt_838550248,2026-05-08,comp_8814,tm_73725,Levante UD,tm_15885,Osasuna,3,2,home
mt_252666736,2026-04-26,comp_8814,tm_15885,Osasuna,tm_51959,Sevilla,2,1,home
mt_206632628,2026-08-27,comp_408698,tm_93021,FK Partizan,tm_73740,Getafe,2,1,home
mt_155144155,2026-08-23,comp_8814,tm_73740,Getafe,tm_46499,Racing de Santander,1,0,home
mt_150517360,2026-08-20,comp_408698,tm_73740,Getafe,tm_93021,FK Partizan,3,1,home
mt_377354734,2026-08-15,comp_8814,tm_46488,Deportivo Alavés,tm_73740,Getafe,3,0,home
mt_252667960,2026-05-17,comp_8814,tm_64612,Elche,tm_73740,Getafe,1,0,home
mt_838550275,2026-05-13,comp_8814,tm_73740,Getafe,tm_64068,Mallorca,3,1,home
mt_979112012,2026-05-10,comp_8814,tm_20291,Real Oviedo,tm_73740,Getafe,0,0,draw
mt_895528573,2026-08-27,comp_408698,tm_60499,Hapoel Tel Aviv,tm_64513,Atalanta,0,1,away
mt_200781991,2026-08-23,comp_5840,tm_64513,Atalanta,tm_51921,Sassuolo,2,1,home
mt_739370253,2026-08-20,comp_408698,tm_64513,Atalanta,tm_60499,Hapoel Tel Aviv,0,0,draw
mt_191978469,2026-05-22,comp_5840,tm_51388,Fiorentina,tm_64513,Atalanta,1,1,draw
mt_838367237,2026-05-17,comp_5840,tm_64513,Atalanta,tm_46156,Bologna,0,1,away
mt_626250808,2026-05-10,comp_5840,tm_98476,Milan,tm_64513,Atalanta,2,3,away
mt_585839644,2026-05-02,comp_5840,tm_64513,Atalanta,tm_51322,Genoa,0,0,draw
mt_252581328,2026-04-27,comp_5840,tm_73052,Cagliari,tm_64513,Atalanta,3,2,home
mt_739375452,2026-08-27,comp_7739,tm_7937035,FC Ararat-Armenia,tm_5753193,Universitatea Craiova,1,0,home
mt_200119115,2026-08-23,comp_9639,tm_5753193,Universitatea Craiova,tm_411160,FC Voluntari,3,1,home
mt_024203124,2026-08-20,comp_7739,tm_5753193,Universitatea Craiova,tm_7937035,FC Ararat-Armenia,1,1,draw
mt_022558594,2026-08-16,comp_9639,tm_26678,SC Oțelul Galați,tm_5753193,Universitatea Craiova,1,1,draw
mt_378024478,2026-08-13,comp_7739,tm_5753193,Universitatea Craiova,tm_02792,KuPS,2,1,home
mt_377440412,2026-08-09,comp_9639,tm_5753193,Universitatea Craiova,tm_2928016,FC Argeș Pitești,0,1,away
mt_512739916,2026-08-06,comp_7739,tm_02792,KuPS,tm_5753193,Universitatea Craiova,1,1,draw
mt_200119102,2026-08-01,comp_9639,tm_5753193,Universitatea Craiova,tm_646316,FC Petrolul Ploieşti,4,0,home
mt_155869055,2026-08-29,comp_8321,tm_5104,Wolverhampton,tm_7348,Stoke City,4,1,home
mt_024341559,2026-08-25,comp_2504,tm_7348,Stoke City,tm_6115,Hull City,1,1,away
mt_022531202,2026-08-22,comp_8321,tm_4893,Southampton,tm_7348,Stoke City,3,1,home
mt_200175082,2026-08-15,comp_8321,tm_7348,Stoke City,tm_0016,Swansea City,1,2,away
mt_988321378,2026-08-08,comp_2504,tm_7348,Stoke City,tm_4203,Oldham Athletic,2,0,home
mt_363853275,2026-05-02,comp_8321,tm_8651,Bristol City,tm_7348,Stoke City,2,0,home
mt_404794198,2026-04-25,comp_8321,tm_7348,Stoke City,tm_9756,Portsmouth,1,3,away
mt_252632839,2026-04-21,comp_8321,tm_7348,Stoke City,tm_4023,Millwall,1,3,away
mt_512428994,2026-08-25,comp_2504,tm_9685,Sheffield Wednesday,tm_5104,Wolverhampton,0,2,away
mt_988327896,2026-08-22,comp_8321,tm_2504,Preston North End,tm_5104,Wolverhampton,1,3,away
mt_511948136,2026-08-14,comp_8321,tm_5104,Wolverhampton,tm_6917,Blackburn Rovers,2,2,draw
mt_899705792,2026-08-07,comp_2504,tm_5104,Wolverhampton,tm_4153,Port Vale,3,0,home
mt_191500998,2026-05-24,comp_3039,tm_6573,Burnley,tm_5104,Wolverhampton,1,1,draw
mt_838955330,2026-05-17,comp_3039,tm_5104,Wolverhampton,tm_5290,Fulham,1,1,draw
mt_404677099,2026-05-09,comp_3039,tm_1552,Brighton & Hove Albion,tm_5104,Wolverhampton,3,0,home
mt_466280702,2026-08-29,comp_8321,tm_3759,Derby County,tm_0016,Swansea City,0,3,away
mt_466280647,2026-08-22,comp_8321,tm_0016,Swansea City,tm_4513,Sheffield United,0,0,draw
mt_466287274,2026-08-08,comp_2504,tm_0016,Swansea City,tm_7218,Birmingham City,0,1,away
mt_252632850,2026-05-02,comp_8321,tm_0016,Swansea City,tm_3169,Charlton Athletic,3,1,home
mt_838528632,2026-04-25,comp_8321,tm_5188,Norwich City,tm_0016,Swansea City,1,1,draw
mt_363853132,2026-04-21,comp_8321,tm_2949,Queens Park Rangers,tm_0016,Swansea City,1,2,away
mt_404794826,2026-04-18,comp_8321,tm_0016,Swansea City,tm_4893,Southampton,1,2,away
mt_733654934,2026-08-29,comp_8321,tm_0196,Watford,tm_3809,West Ham United,1,1,draw
mt_378186435,2026-08-25,comp_2504,tm_0196,Watford,tm_0976,Peterborough United,1,5,away
mt_733654942,2026-08-22,comp_8321,tm_0586,Wrexham,tm_0196,Watford,1,1,draw
mt_511948197,2026-08-16,comp_8321,tm_0196,Watford,tm_4893,Southampton,2,1,home
mt_981108343,2026-08-08,comp_2504,tm_0196,Watford,tm_41151,Crawley Town,1,0,home
mt_979109471,2026-05-02,comp_8321,tm_0196,Watford,tm_2954,Coventry City,0,4,away
mt_191041733,2026-04-25,comp_8321,tm_6387,Middlesbrough,tm_0196,Watford,5,1,home
mt_191041744,2026-04-21,comp_8321,tm_8814,West Bromwich Albion,tm_0196,Watford,3,0,home
mt_511948284,2026-08-29,comp_8321,tm_2814,Cardiff City,tm_4513,Sheffield United,2,2,draw
mt_150609889,2026-08-25,comp_2504,tm_6917,Blackburn Rovers,tm_4513,Sheffield United,1,2,away
mt_988327830,2026-08-15,comp_8321,tm_4513,Sheffield United,tm_7218,Birmingham City,0,0,draw
mt_200176199,2026-08-09,comp_2504,tm_1882,Mansfield Town,tm_4513,Sheffield United,0,3,away
mt_838528694,2026-05-02,comp_8321,tm_3759,Derby County,tm_4513,Sheffield United,1,2,away
mt_363853254,2026-04-25,comp_8321,tm_4513,Sheffield United,tm_2504,Preston North End,2,3,away
mt_747917021,2026-04-22,comp_8321,tm_4513,Sheffield United,tm_6917,Blackburn Rovers,1,3,away
mt_200175650,2026-08-29,comp_8321,tm_4830,Bolton Wanderers,tm_9667,Lincoln City,0,1,away
mt_511948158,2026-08-22,comp_8321,tm_2949,Queens Park Rangers,tm_4830,Bolton Wanderers,0,0,draw
mt_466280610,2026-08-15,comp_8321,tm_4830,Bolton Wanderers,tm_2504,Preston North End,2,1,home
mt_644093089,2026-08-08,comp_2504,tm_9685,Sheffield Wednesday,tm_4830,Bolton Wanderers,1,0,home
mt_466769502,2026-05-24,comp_0196,tm_4830,Bolton Wanderers,tm_1332,Stockport County,4,1,home
mt_644263553,2026-05-14,comp_0196,tm_9715,Bradford City,tm_4830,Bolton Wanderers,0,1,away
mt_899383653,2026-05-09,comp_0196,tm_4830,Bolton Wanderers,tm_9715,Bradford City,1,0,home
mt_838544666,2026-05-02,comp_0196,tm_4830,Bolton Wanderers,tm_9905,Luton Town,2,3,away
mt_022531419,2026-08-29,comp_8321,tm_3169,Charlton Athletic,tm_2504,Preston North End,1,0,home
mt_739594674,2026-08-26,comp_2504,tm_2504,Preston North End,tm_8091,Everton,0,4,away
mt_511942982,2026-08-08,comp_2504,tm_2504,Preston North End,tm_7058,Huddersfield Town,1,1,home
mt_585265384,2026-05-02,comp_8321,tm_2504,Preston North End,tm_4893,Southampton,1,3,away
mt_585265361,2026-04-22,comp_8321,tm_7218,Birmingham City,tm_2504,Preston North End,2,1,home
mt_988327171,2026-08-29,comp_8321,tm_8651,Bristol City,tm_9756,Portsmouth,2,1,home
mt_377416741,2026-08-22,comp_8321,tm_7218,Birmingham City,tm_8651,Bristol City,2,2,draw
mt_644092454,2026-08-15,comp_8321,tm_8651,Bristol City,tm_4023,Millwall,0,2,away
mt_644093020,2026-08-06,comp_2504,tm_8651,Bristol City,tm_6267,Walsall,0,1,away
mt_626386510,2026-04-25,comp_8321,tm_7218,Birmingham City,tm_8651,Bristol City,2,1,home
mt_838528087,2026-04-21,comp_8321,tm_4893,Southampton,tm_8651,Bristol City,2,2,draw
mt_191041681,2026-04-18,comp_8321,tm_8651,Bristol City,tm_5188,Norwich City,2,4,away
mt_155869581,2026-08-22,comp_8321,tm_9667,Lincoln City,tm_9756,Portsmouth,1,3,away
mt_155869578,2026-08-15,comp_8321,tm_9756,Portsmouth,tm_2949,Queens Park Rangers,1,3,away
mt_200176166,2026-08-08,comp_2504,tm_3809,West Ham United,tm_9756,Portsmouth,3,1,home
mt_191041799,2026-05-02,comp_8321,tm_9756,Portsmouth,tm_7218,Birmingham City,1,1,draw
mt_626386969,2026-04-21,comp_8321,tm_2954,Coventry City,tm_9756,Portsmouth,5,1,home
mt_363853141,2026-04-18,comp_8321,tm_9756,Portsmouth,tm_2064,Leicester City,1,0,home
mt_733654366,2026-08-22,comp_8321,tm_3759,Derby County,tm_2814,Cardiff City,2,2,draw
mt_377416728,2026-08-15,comp_8321,tm_3169,Charlton Athletic,tm_3759,Derby County,2,1,home
mt_733659694,2026-08-08,comp_2504,tm_3759,Derby County,tm_9667,Lincoln City,1,2,away
mt_252632895,2026-04-25,comp_8321,tm_2949,Queens Park Rangers,tm_3759,Derby County,2,3,away
mt_747917577,2026-04-21,comp_8321,tm_5188,Norwich City,tm_3759,Derby County,2,1,home
mt_979109296,2026-04-18,comp_8321,tm_3759,Derby County,tm_4558,Oxford United,1,0,home
mt_512428932,2026-08-25,comp_2504,tm_3489,Blackpool,tm_9667,Lincoln City,1,4,away
mt_899703960,2026-08-15,comp_8321,tm_6387,Middlesbrough,tm_9667,Lincoln City,2,1,home
mt_979166474,2026-05-02,comp_0196,tm_4153,Port Vale,tm_9667,Lincoln City,0,2,away
mt_585277447,2026-04-25,comp_0196,tm_9667,Lincoln City,tm_9495,Wycombe Wanderers,4,3,home
mt_893739292,2026-04-21,comp_0196,tm_0872,Doncaster Rovers,tm_9667,Lincoln City,0,2,away
mt_155869099,2026-08-29,comp_8321,tm_6917,Blackburn Rovers,tm_2949,Queens Park Rangers,1,2,away
mt_899703976,2026-08-22,comp_8321,tm_6917,Blackburn Rovers,tm_6387,Middlesbrough,2,1,home
mt_466287262,2026-08-08,comp_2504,tm_0830,Burton Albion,tm_6917,Blackburn Rovers,1,2,away
mt_747917034,2026-05-02,comp_8321,tm_6917,Blackburn Rovers,tm_2064,Leicester City,0,1,away
mt_979109230,2026-04-17,comp_8321,tm_6917,Blackburn Rovers,tm_2954,Coventry City,1,1,draw
mt_200170888,2026-08-29,comp_4893,tm_97380,Grazer AK 1902,tm_62095,Wolfsberger AC,0,0,draw
mt_200170866,2026-08-15,comp_4893,tm_97316,SC Austria Lustenau,tm_62095,Wolfsberger AC,2,1,home
mt_899709654,2026-08-09,comp_4893,tm_62095,Wolfsberger AC,tm_62024,Red Bull Salzburg,1,1,draw
mt_200170877,2026-08-02,comp_4893,tm_62095,Wolfsberger AC,tm_51679,Austria Wien,3,0,home
mt_988177171,2026-05-19,comp_4893,tm_74640,SV Ried,tm_62095,Wolfsberger AC,2,1,home
mt_734909970,2026-05-16,comp_4893,tm_62095,Wolfsberger AC,tm_42618,WSG Tirol,2,0,home
mt_460717740,2026-05-09,comp_4893,tm_74640,SV Ried,tm_62095,Wolfsberger AC,0,1,away
mt_987141139,2026-05-04,comp_4893,tm_65969,SC Rheindorf Altach,tm_62095,Wolfsberger AC,1,4,away
mt_466259566,2026-08-31,comp_3039,tm_1002,Aston Villa,tm_9145,Arsenal,0,1,away
mt_466499402,2026-08-31,comp_8814,tm_37445,Barcelona,tm_89774,Rayo Vallecano,5,2,home
mt_022077040,2026-08-31,comp_8814,tm_15885,Osasuna,tm_73740,Getafe,1,0,home
mt_155684843,2026-08-31,comp_5840,tm_64513,Atalanta,tm_46156,Bologna,1,0,home
mt_644908080,2026-08-31,comp_5840,tm_73026,Lecce,tm_98487,Roma,0,4,away
mt_733753349,2026-08-31,comp_8385,tm_63118,Benfica,tm_17364,Estoril Praia,2,1,home
mt_022032153,2026-08-31,comp_8385,tm_79214,Sporting Braga,tm_79223,Vitória SC,1,0,home
mt_377416880,2026-09-01,comp_8321,tm_7348,Stoke City,tm_5188,Norwich City,1,0,home
mt_988327182,2026-09-01,comp_8321,tm_7218,Birmingham City,tm_4893,Southampton,1,1,draw
mt_155865415,2026-09-01,comp_8321,tm_3809,West Ham United,tm_5104,Wolverhampton,4,2,home
mt_899703553,2026-09-01,comp_8321,tm_0016,Swansea City,tm_0196,Watford,2,0,home
mt_644092338,2026-09-01,comp_8321,tm_4513,Sheffield United,tm_4830,Bolton Wanderers,3,2,home
mt_466280764,2026-09-01,comp_8321,tm_2504,Preston North End,tm_8651,Bristol City,1,3,away
mt_022531425,2026-09-01,comp_8321,tm_9756,Portsmouth,tm_3759,Derby County,0,2,away
mt_511948213,2026-09-01,comp_8321,tm_9667,Lincoln City,tm_6917,Blackburn Rovers,0,0,draw
mt_643345882,2026-09-01,comp_4893,tm_62095,Wolfsberger AC,tm_83796,LASK,1,3,away
mt_209839993,2026-08-31,comp_4795,tm_97432,Remo,tm_97417,Coritiba,2,3,away
mt_200127572,2026-08-31,comp_8363,tm_659381,Bukovyna Chernivtsi,tm_47720,Dynamo Kyiv,3,0,home
mt_155816968,2026-08-31,comp_8363,tm_3161303,Zoria Luhansk,tm_7990173,Metalist 1925,0,3,away
mt_200119297,2026-08-31,comp_9639,tm_5466754,FC Rapid București,tm_5753193,Universitatea Craiova,1,1,draw
mt_206723293,2026-08-27,comp_408698,tm_1552,Brighton & Hove Albion,tm_1135,Tromsø IL,4,0,home
mt_206632686,2026-08-20,comp_408698,tm_1135,Tromsø IL,tm_1552,Brighton & Hove Albion,0,0,draw
mt_747399440,2026-05-24,comp_3039,tm_1552,Brighton & Hove Albion,tm_4643,Manchester United,0,3,away
mt_155794506,2026-08-28,comp_0256,tm_58884,Lille,tm_01119,Paris Saint-Germain,2,2,draw
mt_466109840,2026-08-23,comp_0256,tm_83353,Stade Rennais,tm_01119,Paris Saint-Germain,2,2,draw
mt_377128716,2026-08-16,comp_7920,tm_83394,RC Lens,tm_01119,Paris Saint-Germain,1,0,home
mt_988360616,2026-08-28,comp_3039,tm_3498,Crystal Palace,tm_3039,Manchester City,1,4,away
mt_511976717,2026-08-23,comp_3039,tm_3039,Manchester City,tm_1772,Bournemouth,2,1,home
mt_626433281,2026-05-19,comp_3039,tm_1772,Bournemouth,tm_3039,Manchester City,1,1,draw
mt_200170326,2026-09-02,comp_8321,tm_6573,Burnley,tm_6387,Middlesbrough,1,1,draw
mt_022532705,2026-09-02,comp_8321,tm_8814,West Bromwich Albion,tm_3169,Charlton Athletic,1,1,draw
mt_511941653,2026-09-02,comp_8321,tm_2949,Queens Park Rangers,tm_2814,Cardiff City,2,1,home
mt_988328092,2026-09-02,comp_8321,tm_4023,Millwall,tm_0586,Wrexham,0,3,away
mt_899727528,2026-09-02,comp_6387,tm_51874,Falkirk FC,tm_20535,Rangers,1,2,away
mt_644080385,2026-09-02,comp_6387,tm_37034,Kilmarnock,tm_73422,St. Mirren,0,1,away
mt_466292798,2026-09-02,comp_6387,tm_64165,Motherwell,tm_73411,Dundee United,3,0,home
mt_511969261,2026-09-02,comp_6387,tm_98708,Celtic,tm_46091,Aberdeen,3,0,home
mt_644080469,2026-09-02,comp_6387,tm_37653,Dundee FC,tm_89488,St. Johnstone,1,1,draw
mt_206839025,2026-09-02,comp_4893,tm_62024,Red Bull Salzburg,tm_40266,SK Rapid Wien,5,1,home
mt_981406898,2026-09-02,comp_4893,tm_51679,Austria Wien,tm_42618,WSG Tirol,0,1,away
mt_155144100,2026-08-29,comp_8814,tm_02555,Real Sociedad,tm_02599,Espanyol,2,1,home
mt_200231635,2026-08-26,comp_8814,tm_73673,Real Madrid,tm_02555,Real Sociedad,4,1,home
mt_511566584,2026-08-21,comp_8814,tm_64056,Real Betis,tm_02555,Real Sociedad,1,0,home
mt_747995410,2026-05-23,comp_8814,tm_02599,Espanyol,tm_02555,Real Sociedad,1,1,draw
mt_363881020,2026-05-17,comp_8814,tm_02555,Real Sociedad,tm_89783,Valencia,3,4,away
mt_010443708,2026-05-14,comp_8814,tm_029137,Girona FC,tm_02555,Real Sociedad,1,1,draw
mt_585224614,2026-05-09,comp_8814,tm_02555,Real Sociedad,tm_64056,Real Betis,2,2,draw
mt_626333652,2026-05-04,comp_8814,tm_51959,Sevilla,tm_02555,Real Sociedad,1,0,home
mt_899822894,2026-08-22,comp_8814,tm_89783,Valencia,tm_20116,Celta Vigo,0,0,draw
mt_404778090,2026-05-23,comp_8814,tm_20116,Celta Vigo,tm_51959,Sevilla,1,0,home
mt_626339125,2026-05-17,comp_8814,tm_46224,Athletic Club,tm_20116,Celta Vigo,1,1,draw
mt_585224635,2026-05-12,comp_8814,tm_20116,Celta Vigo,tm_73725,Levante UD,2,3,away
mt_252667333,2026-05-09,comp_8814,tm_64681,Atlético Madrid,tm_20116,Celta Vigo,0,1,away
mt_252666190,2026-05-03,comp_8814,tm_20116,Celta Vigo,tm_64612,Elche,3,1,home
mt_733041399,2026-08-29,comp_0256,tm_40658,Stade Brestois,tm_25581,Toulouse,2,2,draw
mt_644528431,2026-08-22,comp_0256,tm_25581,Toulouse,tm_74434,Olympique Lyonnais,0,2,away
mt_404758244,2026-05-10,comp_0256,tm_25581,Toulouse,tm_74434,Olympique Lyonnais,2,1,home
mt_838089798,2026-05-03,comp_0256,tm_74493,RC Strasbourg,tm_25581,Toulouse,1,2,away
mt_252720109,2026-04-25,comp_0256,tm_25581,Toulouse,tm_58813,AS Monaco,2,2,draw
mt_376871833,2026-04-21,comp_4750,tm_83394,RC Lens,tm_25581,Toulouse,4,1,home
mt_747573626,2026-04-17,comp_0256,tm_83394,RC Lens,tm_25581,Toulouse,3,2,home
mt_585451977,2026-04-12,comp_0256,tm_25581,Toulouse,tm_58884,Lille,0,4,away
mt_899632993,2026-08-23,comp_0256,tm_01158,Angers,tm_58884,Lille,0,2,away
mt_626312208,2026-05-17,comp_0256,tm_58884,Lille,tm_62226,Auxerre,0,2,away
mt_252697237,2026-05-10,comp_0256,tm_58813,AS Monaco,tm_58884,Lille,0,1,away
mt_363137474,2026-05-03,comp_0256,tm_58884,Lille,tm_97714,Le Havre,1,1,draw
mt_838089737,2026-04-26,comp_0256,tm_11910,Paris FC,tm_58884,Lille,0,1,away
mt_585451988,2026-04-18,comp_0256,tm_58884,Lille,tm_25567,Nice,0,0,draw
mt_895082847,2026-08-27,comp_408698,tm_02173,Hibernian,tm_51594,KAA Gent,2,3,away
mt_024470450,2026-08-20,comp_408698,tm_51594,KAA Gent,tm_02173,Hibernian,0,0,draw
mt_643106330,2026-08-13,comp_408698,tm_59192,KF Shkëndija,tm_02173,Hibernian,0,0,draw
mt_988303107,2026-08-09,comp_6387,tm_20535,Rangers,tm_02173,Hibernian,1,2,away
mt_467524707,2026-08-06,comp_408698,tm_02173,Hibernian,tm_59192,KF Shkëndija,2,1,home
mt_377454803,2026-08-02,comp_6387,tm_02173,Hibernian,tm_64165,Motherwell,1,2,away
mt_022058779,2026-07-30,comp_408698,tm_02173,Hibernian,tm_0343447,FC Malisheva,4,1,home
mt_200131722,2026-08-29,comp_6387,tm_51862,Heart of Midlothian,tm_89488,St. Johnstone,2,1,home
mt_895008066,2026-08-26,comp_408698,tm_40266,SK Rapid Wien,tm_51862,Heart of Midlothian,1,1,away
mt_739917904,2026-08-20,comp_408698,tm_51862,Heart of Midlothian,tm_40266,SK Rapid Wien,2,2,draw
mt_739264576,2026-08-13,comp_7739,tm_51862,Heart of Midlothian,tm_63118,Benfica,1,1,draw
mt_022575425,2026-08-09,comp_6387,tm_51862,Heart of Midlothian,tm_73411,Dundee United,4,0,home
mt_895473086,2026-08-06,comp_7739,tm_63118,Benfica,tm_51862,Heart of Midlothian,6,1,home
mt_155848044,2026-08-01,comp_6387,tm_46091,Aberdeen,tm_51862,Heart of Midlothian,2,1,home
mt_200823527,2026-07-28,comp_3498,tm_51862,Heart of Midlothian,tm_25152,SK Sturm Graz,0,2,away
mt_981301049,2026-09-02,comp_4795,tm_22917,Flamengo,tm_988681,Mirassol,2,0,home
mt_150658111,2026-09-02,comp_5242,tm_36272,Atlético Mineiro,tm_01988,Cruzeiro,2,1,home
mt_467862446,2026-08-27,comp_5242,tm_62523,Internacional,tm_66113,Grêmio,0,0,draw
mt_641581802,2026-08-23,comp_4795,tm_74002,Red Bull Bragantino,tm_66113,Grêmio,1,0,home
mt_209839388,2026-08-16,comp_4795,tm_36272,Atlético Mineiro,tm_66113,Grêmio,3,0,home
mt_986406012,2026-08-08,comp_4795,tm_66113,Grêmio,tm_25869,São Paulo,2,1,home
mt_466896611,2026-08-05,comp_5242,tm_66113,Grêmio,tm_988681,Mirassol,1,0,home
mt_899029972,2026-08-02,comp_5242,tm_988681,Mirassol,tm_66113,Grêmio,1,1,draw
mt_511475168,2026-07-30,comp_1615,tm_66113,Grêmio,tm_721023,Bolívar,0,1,away
mt_641581864,2026-08-22,comp_4795,tm_62523,Internacional,tm_36272,Atlético Mineiro,0,0,draw
mt_028978757,2026-08-17,comp_4795,tm_62523,Internacional,tm_97432,Remo,1,1,draw
mt_732012227,2026-08-09,comp_4795,tm_58387,Palmeiras,tm_62523,Internacional,0,0,draw
mt_200730085,2026-08-06,comp_5242,tm_36208,Corinthians,tm_62523,Internacional,2,1,home
mt_200730010,2026-08-02,comp_5242,tm_62523,Internacional,tm_36208,Corinthians,2,0,home
mt_894624452,2026-07-29,comp_4795,tm_62523,Internacional,tm_22917,Flamengo,1,1,draw
mt_377416875,2026-08-29,comp_8321,tm_5188,Norwich City,tm_6573,Burnley,4,1,home
mt_024341593,2026-08-26,comp_2504,tm_9715,Bradford City,tm_6573,Burnley,0,0,home
mt_644092469,2026-08-23,comp_8321,tm_8814,West Bromwich Albion,tm_6573,Burnley,3,1,home
mt_022531251,2026-08-16,comp_8321,tm_6573,Burnley,tm_3809,West Ham United,2,2,draw
mt_644092326,2026-08-29,comp_8321,tm_6387,Middlesbrough,tm_8814,West Bromwich Albion,3,1,home
mt_739594601,2026-08-25,comp_2504,tm_0872,Doncaster Rovers,tm_6387,Middlesbrough,1,3,away
mt_024341534,2026-08-26,comp_2504,tm_7938,Newcastle United,tm_8814,West Bromwich Albion,3,2,home
mt_733654300,2026-08-15,comp_8321,tm_5188,Norwich City,tm_8814,West Bromwich Albion,1,2,away
mt_643932095,2026-08-26,comp_2504,tm_5130,Tottenham Hotspur,tm_3169,Charlton Athletic,5,1,home
mt_377416732,2026-08-22,comp_8321,tm_3809,West Ham United,tm_3169,Charlton Athletic,1,2,away
mt_155860859,2026-08-08,comp_2504,tm_2949,Queens Park Rangers,tm_4023,Millwall,1,1,away
mt_895053708,2026-08-25,comp_2504,tm_2814,Cardiff City,tm_5188,Norwich City,1,2,away
mt_466280626,2026-08-17,comp_8321,tm_2814,Cardiff City,tm_0586,Wrexham,1,1,draw
mt_899703594,2026-08-29,comp_8321,tm_4893,Southampton,tm_4023,Millwall,5,1,home
mt_512428941,2026-08-25,comp_2504,tm_5960,Cambridge United,tm_4023,Millwall,0,1,away
mt_200175023,2026-08-22,comp_8321,tm_4023,Millwall,tm_5188,Norwich City,3,0,home
mt_200175606,2026-08-28,comp_8321,tm_0586,Wrexham,tm_7218,Birmingham City,1,2,away
mt_899705727,2026-08-07,comp_2504,tm_6387,Middlesbrough,tm_0586,Wrexham,1,0,home
mt_022575308,2026-08-29,comp_6387,tm_98708,Celtic,tm_51874,Falkirk FC,2,1,home
mt_155848033,2026-08-09,comp_6387,tm_64165,Motherwell,tm_51874,Falkirk FC,0,0,draw
mt_200131681,2026-08-01,comp_6387,tm_51874,Falkirk FC,tm_73422,St. Mirren,0,2,away
mt_377514726,2026-05-16,comp_6387,tm_51874,Falkirk FC,tm_20535,Rangers,2,5,away
mt_378143817,2026-08-27,comp_408698,tm_46909,FK Jablonec,tm_20535,Rangers,1,0,home
mt_467794749,2026-08-20,comp_408698,tm_20535,Rangers,tm_46909,FK Jablonec,1,0,home
mt_378024604,2026-08-13,comp_7739,tm_20535,Rangers,tm_299627,Jagiellonia Białystok,1,1,draw
mt_377454732,2026-08-29,comp_6387,tm_37034,Kilmarnock,tm_73411,Dundee United,0,4,away
mt_899727987,2026-08-09,comp_6387,tm_37034,Kilmarnock,tm_98708,Celtic,1,5,away
mt_155848687,2026-08-02,comp_6387,tm_89488,St. Johnstone,tm_37034,Kilmarnock,4,3,home
mt_988023839,2026-05-17,comp_6387,tm_64280,Livingston,tm_37034,Kilmarnock,1,4,away
mt_988303400,2026-08-08,comp_6387,tm_73422,St. Mirren,tm_89488,St. Johnstone,1,0,home
mt_733925402,2026-05-25,comp_6387,tm_73422,St. Mirren,tm_89342,Partick Thistle,1,0,home
mt_981290339,2026-08-27,comp_408698,tm_89592,SC Freiburg,tm_64165,Motherwell,4,1,home
mt_150041080,2026-08-20,comp_408698,tm_64165,Motherwell,tm_89592,SC Freiburg,1,3,away
mt_467524771,2026-08-13,comp_408698,tm_64165,Motherwell,tm_98046,HJK,2,0,home
mt_377454848,2026-08-22,comp_6387,tm_73411,Dundee United,tm_37653,Dundee FC,0,2,away
mt_733616377,2026-07-31,comp_6387,tm_73411,Dundee United,tm_20535,Rangers,1,1,draw
mt_150510613,2026-08-25,comp_3498,tm_83796,LASK,tm_98708,Celtic,4,1,home
mt_895985078,2026-08-19,comp_3498,tm_98708,Celtic,tm_83796,LASK,3,0,home
mt_466292647,2026-08-08,comp_6387,tm_37653,Dundee FC,tm_46091,Aberdeen,2,0,home
mt_200371011,2026-05-17,comp_6387,tm_37653,Dundee FC,tm_46091,Aberdeen,3,2,home
mt_200131650,2026-08-03,comp_6387,tm_98708,Celtic,tm_37653,Dundee FC,1,0,home
mt_747350226,2026-05-01,comp_6236,tm_02189,Ayr United,tm_89488,St. Johnstone,0,1,away
mt_467648082,2026-08-27,comp_7739,tm_62024,Red Bull Salzburg,tm_58267,Mjällby AIF,3,0,home
mt_895980398,2026-08-20,comp_7739,tm_58267,Mjällby AIF,tm_62024,Red Bull Salzburg,0,1,away
mt_644094546,2026-08-16,comp_4893,tm_42618,WSG Tirol,tm_62024,Red Bull Salzburg,0,3,away
mt_988328412,2026-08-16,comp_4893,tm_40266,SK Rapid Wien,tm_97380,Grazer AK 1902,8,0,home
mt_150041016,2026-08-27,comp_408698,tm_51679,Austria Wien,tm_79214,Sporting Braga,0,0,draw
mt_378853836,2026-08-20,comp_408698,tm_79214,Sporting Braga,tm_51679,Austria Wien,2,0,home
mt_988328424,2026-08-16,comp_4893,tm_40288,TSV Hartberg,tm_51679,Austria Wien,0,2,away
mt_899709669,2026-08-28,comp_4893,tm_97316,SC Austria Lustenau,tm_42618,WSG Tirol,0,4,away
mt_155865760,2026-08-07,comp_4893,tm_65969,SC Rheindorf Altach,tm_42618,WSG Tirol,3,1,home
mt_511941323,2026-08-01,comp_4893,tm_42618,WSG Tirol,tm_25152,SK Sturm Graz,1,1,draw
mt_894624275,2026-08-22,comp_4795,tm_01988,Cruzeiro,tm_22917,Flamengo,2,1,home
mt_377166078,2026-08-20,comp_0499,tm_22917,Flamengo,tm_01988,Cruzeiro,2,1,home
mt_641581851,2026-08-16,comp_4795,tm_988681,Mirassol,tm_22917,Flamengo,1,5,away
mt_465195925,2026-08-23,comp_4795,tm_83636,Santos,tm_988681,Mirassol,1,1,draw
mt_200755951,2026-08-20,comp_0499,tm_34030,LDU,tm_988681,Mirassol,0,0,home
mt_981217327,2026-08-25,comp_2504,tm_7218,Birmingham City,tm_1662,Brentford,1,6,away
mt_467870288,2026-08-25,comp_2504,tm_4893,Southampton,tm_3809,West Ham United,1,4,away
mt_209839311,2026-08-29,comp_4795,tm_36272,Atlético Mineiro,tm_97470,Vitória,2,1,home
mt_643940663,2026-08-26,comp_5242,tm_01988,Cruzeiro,tm_36272,Atlético Mineiro,1,1,draw
mt_988277897,2026-08-19,comp_1615,tm_36272,Atlético Mineiro,tm_74002,Red Bull Bragantino,2,2,draw
mt_988328443,2026-08-29,comp_4893,tm_83796,LASK,tm_65969,SC Rheindorf Altach,3,0,home
mt_466286174,2026-08-14,comp_4893,tm_83796,LASK,tm_74640,SV Ried,4,1,home
mt_150516969,2026-08-27,comp_7739,tm_29826,AGF,tm_63118,Benfica,1,3,away
mt_643469245,2026-08-20,comp_7739,tm_63118,Benfica,tm_29826,AGF,3,1,home
mt_155165373,2026-08-17,comp_8385,tm_487248,Casa Pia,tm_63118,Benfica,0,7,away
mt_377317023,2026-08-22,comp_8385,tm_17364,Estoril Praia,tm_63134,Rio Ave,0,2,away
mt_988928648,2026-08-16,comp_8385,tm_52779,CD Nacional,tm_17364,Estoril Praia,2,0,home
mt_644694139,2026-08-07,comp_8385,tm_17364,Estoril Praia,tm_216266,Famalicão,1,1,draw
mt_838872028,2026-05-16,comp_8385,tm_17364,Estoril Praia,tm_63118,Benfica,1,3,away
mt_467524782,2026-08-13,comp_408698,tm_26766,Dinamo Minsk,tm_79214,Sporting Braga,0,0,draw
mt_733753297,2026-08-09,comp_8385,tm_04880,Moreirense,tm_79214,Sporting Braga,2,2,draw
mt_899809335,2026-08-23,comp_8385,tm_79223,Vitória SC,tm_52779,CD Nacional,1,0,home
mt_022032893,2026-08-14,comp_8385,tm_26936,Sporting,tm_79223,Vitória SC,3,2,home
mt_511541741,2026-08-08,comp_8385,tm_79223,Vitória SC,tm_373760,FC Arouca,0,1,away
mt_747761521,2026-05-16,comp_8385,tm_52779,CD Nacional,tm_79223,Vitória SC,2,0,home
mt_153743476,2026-08-22,comp_4795,tm_25892,Fluminense,tm_97432,Remo,2,1,home
mt_465195974,2026-08-08,comp_4795,tm_97432,Remo,tm_36272,Atlético Mineiro,2,2,draw
mt_988208848,2026-08-05,comp_5242,tm_97432,Remo,tm_83636,Santos,0,1,away
mt_370250547,2026-08-23,comp_4795,tm_97417,Coritiba,tm_36208,Corinthians,2,1,home
mt_028978730,2026-08-16,comp_4795,tm_25869,São Paulo,tm_97417,Coritiba,1,1,draw
mt_517367623,2026-08-08,comp_4795,tm_97417,Coritiba,tm_460410,Chapecoense,2,1,home
mt_732012194,2026-07-31,comp_4795,tm_97417,Coritiba,tm_01988,Cruzeiro,0,1,away
mt_511954846,2026-08-15,comp_8363,tm_63363,Karpaty Lviv,tm_659381,Bukovyna Chernivtsi,3,0,home
mt_200127561,2026-08-08,comp_8363,tm_659381,Bukovyna Chernivtsi,tm_0128797,Obolon Kyiv,0,0,draw
mt_511954815,2026-08-03,comp_8363,tm_659381,Bukovyna Chernivtsi,tm_3847085,LNZ Cherkasy,0,0,draw
mt_733675450,2026-08-16,comp_8363,tm_47720,Dynamo Kyiv,tm_6449453,Kolos Kovalivka,2,1,home
mt_206912665,2026-08-13,comp_408698,tm_99621,Qarabağ,tm_47720,Dynamo Kyiv,2,0,home
mt_155816907,2026-08-09,comp_8363,tm_5114137,Veres Rivne,tm_47720,Dynamo Kyiv,1,2,away
mt_895478546,2026-08-06,comp_408698,tm_47720,Dynamo Kyiv,tm_99621,Qarabağ,1,0,home
mt_899780300,2026-08-17,comp_8363,tm_6344902,Polissya Zhytomyr,tm_3161303,Zoria Luhansk,1,2,away
mt_733675495,2026-08-09,comp_8363,tm_3161303,Zoria Luhansk,tm_8587932,FC Kryvbas Kryvyi Rih,1,3,away
mt_200127508,2026-07-31,comp_8363,tm_3161303,Zoria Luhansk,tm_6449453,Kolos Kovalivka,2,0,home
mt_363811867,2026-05-23,comp_8363,tm_63363,Karpaty Lviv,tm_3161303,Zoria Luhansk,1,2,away
mt_988392719,2026-08-16,comp_8363,tm_7990173,Metalist 1925,tm_52257,Shakhtar Donetsk,0,1,away
mt_022503147,2026-08-10,comp_8363,tm_6344902,Polissya Zhytomyr,tm_7990173,Metalist 1925,3,1,home
mt_466248069,2026-08-01,comp_8363,tm_7990173,Metalist 1925,tm_5114137,Veres Rivne,1,0,home
mt_010433417,2026-05-24,comp_8363,tm_5114137,Veres Rivne,tm_7990173,Metalist 1925,0,1,away
mt_899774768,2026-08-21,comp_9639,tm_646316,FC Petrolul Ploieşti,tm_5466754,FC Rapid București,0,2,away
mt_988336347,2026-08-15,comp_9639,tm_5466754,FC Rapid București,tm_91123,FC Dinamo București,0,1,away
mt_988336326,2026-08-07,comp_9639,tm_3780212,UTA Arad,tm_5466754,FC Rapid București,0,0,draw
mt_377440478,2026-08-02,comp_9639,tm_5466754,FC Rapid București,tm_34668,CFR 1907 Cluj,3,1,home
mt_022587983,2026-08-22,comp_3039,tm_6115,Hull City,tm_4643,Manchester United,2,0,home
mt_626433224,2026-05-17,comp_3039,tm_4643,Manchester United,tm_0836,Nottingham Forest,3,2,home
mt_838955329,2026-05-09,comp_3039,tm_2674,Sunderland,tm_4643,Manchester United,0,0,draw
mt_378186414,2026-08-25,comp_2504,tm_9825,Ipswich Town,tm_2064,Leicester City,3,1,home
mt_644018510,2026-08-22,comp_3039,tm_9825,Ipswich Town,tm_2674,Sunderland,2,1,home
mt_404794102,2026-05-02,comp_8321,tm_9825,Ipswich Town,tm_2949,Queens Park Rangers,3,0,home
mt_734524246,2026-04-28,comp_8321,tm_4893,Southampton,tm_9825,Ipswich Town,2,2,draw
mt_895053784,2026-08-25,comp_2504,tm_0836,Nottingham Forest,tm_0256,Leeds United,0,2,away
mt_899742430,2026-08-22,comp_3039,tm_0836,Nottingham Forest,tm_0256,Leeds United,0,1,away
mt_838955396,2026-05-24,comp_3039,tm_3809,West Ham United,tm_0256,Leeds United,3,0,home
mt_010244118,2026-05-17,comp_3039,tm_0256,Leeds United,tm_1552,Brighton & Hove Albion,1,0,home
mt_988360680,2026-08-22,comp_3039,tm_1662,Brentford,tm_5130,Tottenham Hotspur,3,0,home
mt_979811780,2026-05-24,comp_3039,tm_0406,Liverpool,tm_1662,Brentford,1,1,draw
mt_585122886,2026-05-17,comp_3039,tm_1662,Brentford,tm_3498,Crystal Palace,2,2,draw
mt_626433243,2026-05-24,comp_3039,tm_2674,Sunderland,tm_8531,Chelsea,2,1,home
mt_404677000,2026-05-17,comp_3039,tm_8091,Everton,tm_2674,Sunderland,1,3,away
mt_206765185,2026-08-27,comp_2504,tm_5290,Fulham,tm_371423,AFC Wimbledon,3,0,home
mt_022587821,2026-08-24,comp_3039,tm_5290,Fulham,tm_8531,Chelsea,2,3,away
mt_404677066,2026-05-24,comp_3039,tm_5290,Fulham,tm_7938,Newcastle United,2,0,home
mt_150609873,2026-08-27,comp_2504,tm_8531,Chelsea,tm_9905,Luton Town,2,0,home
mt_377685036,2026-05-19,comp_3039,tm_8531,Chelsea,tm_5130,Tottenham Hotspur,2,1,home
mt_200233206,2026-08-22,comp_8814,tm_46224,Athletic Club,tm_51959,Sevilla,1,3,away
mt_252667553,2026-05-23,comp_8814,tm_73673,Real Madrid,tm_46224,Athletic Club,4,2,home
mt_377355380,2026-08-24,comp_8814,tm_15810,Málaga,tm_98394,Deportivo La Coruña,1,1,draw
mt_155148043,2026-08-17,comp_8814,tm_98394,Deportivo La Coruña,tm_64612,Elche,1,1,draw
mt_404777291,2026-05-31,comp_0976,tm_98394,Deportivo La Coruña,tm_305504,Las Palmas,1,2,away
mt_838553042,2026-05-24,comp_0976,tm_20127,Real Valladolid,tm_98394,Deportivo La Coruña,0,2,away
mt_733716911,2026-08-25,comp_8814,tm_89783,Valencia,tm_64056,Real Betis,0,1,away
mt_644688638,2026-08-22,comp_8814,tm_02599,Espanyol,tm_73673,Real Madrid,1,2,away
mt_979112633,2026-05-17,comp_8814,tm_51959,Sevilla,tm_73673,Real Madrid,0,1,away
mt_466492791,2026-08-19,comp_8814,tm_64681,Atlético Madrid,tm_15810,Málaga,2,0,home
mt_644515634,2026-06-20,comp_0976,tm_89830,Almería,tm_15810,Málaga,1,2,away
mt_511373868,2026-06-14,comp_0976,tm_15810,Málaga,tm_89830,Almería,0,0,draw
mt_644904990,2026-08-22,comp_3620,tm_98178,Energie Cottbus,tm_15641,FC Augsburg,0,2,away
mt_838547377,2026-05-16,comp_4643,tm_37885,1. FC Union Berlin,tm_15641,FC Augsburg,4,0,home
mt_747920719,2026-05-09,comp_4643,tm_15641,FC Augsburg,tm_37804,Borussia M'gladbach,3,1,home
mt_252698127,2026-05-02,comp_4643,tm_02413,SV Werder Bremen,tm_15641,FC Augsburg,1,3,away
mt_022352355,2026-08-24,comp_3620,tm_98139,Hallescher FC,tm_15093,FC Schalke 04,2,2,away
mt_010485152,2026-05-17,comp_0406,tm_15093,FC Schalke 04,tm_37810,Eintracht Braunschweig,1,0,home
mt_979163740,2026-05-09,comp_0406,tm_51271,1. FC Nürnberg,tm_15093,FC Schalke 04,3,0,home
mt_010485138,2026-05-02,comp_0406,tm_15093,FC Schalke 04,tm_89580,Fortuna Düsseldorf,1,0,home
mt_377147184,2026-08-23,comp_3620,tm_89580,Fortuna Düsseldorf,tm_89592,SC Freiburg,1,5,away
mt_988238241,2026-08-22,comp_3620,tm_029727,LSK Hansa Lüneburg,tm_02413,SV Werder Bremen,0,3,away
mt_252691529,2026-05-16,comp_4643,tm_02413,SV Werder Bremen,tm_51366,Borussia Dortmund,0,2,away
mt_979164903,2026-05-09,comp_4643,tm_73909,TSG Hoffenheim,tm_02413,SV Werder Bremen,1,0,home
mt_511439786,2026-08-22,comp_5840,tm_15731,Parma,tm_73052,Cagliari,0,1,away
mt_378154235,2026-08-14,comp_8525,tm_73052,Cagliari,tm_20886,Arezzo,1,0,home
mt_252581365,2026-05-24,comp_5840,tm_98476,Milan,tm_73052,Cagliari,1,2,away
mt_191978454,2026-05-17,comp_5840,tm_73052,Cagliari,tm_64529,Torino,2,1,home
mt_155794550,2026-08-22,comp_0256,tm_97723,Le Mans,tm_40658,Stade Brestois,2,2,draw
mt_363806636,2026-05-09,comp_9777,tm_40064,Bastia,tm_97723,Le Mans,0,2,away
mt_027778474,2026-05-02,comp_9777,tm_97723,Le Mans,tm_97749,Stade de Reims,1,1,draw
mt_626315216,2026-04-25,comp_9777,tm_25578,Grenoble Foot 38,tm_97723,Le Mans,1,1,draw
mt_377265786,2026-08-22,comp_0256,tm_97782,Troyes,tm_11910,Paris FC,0,0,draw
mt_191039980,2026-05-17,comp_0256,tm_11910,Paris FC,tm_01119,Paris Saint-Germain,2,1,home
mt_585274953,2026-05-10,comp_0256,tm_83353,Stade Rennais,tm_11910,Paris FC,2,1,home
mt_191615803,2026-05-03,comp_0256,tm_11910,Paris FC,tm_40658,Stade Brestois,4,0,home
mt_511386119,2026-08-22,comp_0256,tm_25567,Nice,tm_62238,Lorient,0,0,draw
mt_200652802,2026-05-29,comp_0256,tm_25567,Nice,tm_83365,Saint-Étienne,4,1,home
mt_466704160,2026-05-26,comp_0256,tm_83365,Saint-Étienne,tm_25567,Nice,0,0,draw
mt_200923226,2026-05-22,comp_4750,tm_83394,RC Lens,tm_25567,Nice,3,1,home
mt_022032859,2026-08-23,comp_8385,tm_26997,Santa Clara,tm_216266,Famalicão,1,0,home
mt_200270985,2026-08-16,comp_8385,tm_216266,Famalicão,tm_38000,Marítimo,1,2,away
mt_191818736,2026-05-16,comp_8385,tm_216266,Famalicão,tm_8932260,FC Alverca,1,0,home
mt_899809472,2026-08-24,comp_8385,tm_10330,Gil Vicente,tm_487248,Casa Pia,2,0,home
mt_377317082,2026-08-09,comp_8385,tm_10330,Gil Vicente,tm_63134,Rio Ave,1,0,home
mt_252121898,2026-05-16,comp_8385,tm_26936,Sporting,tm_10330,Gil Vicente,3,0,home
mt_191818740,2026-05-11,comp_8385,tm_10330,Gil Vicente,tm_373760,FC Arouca,1,3,away
mt_899809457,2026-08-08,comp_8385,tm_38000,Marítimo,tm_487248,Casa Pia,1,0,home
mt_155098547,2026-05-28,comp_8385,tm_487248,Casa Pia,tm_373776,Torreense,2,0,home
mt_377317014,2026-08-16,comp_8385,tm_373760,FC Arouca,tm_04880,Moreirense,4,0,home
mt_747676029,2026-05-16,comp_8385,tm_04880,Moreirense,tm_8840625,AVS - Futebol SAD,0,0,draw
mt_252121837,2026-05-11,comp_8385,tm_690582,Tondela,tm_04880,Moreirense,2,0,home
mt_200270979,2026-08-10,comp_8385,tm_26997,Santa Clara,tm_52779,CD Nacional,2,2,draw
mt_466486588,2026-08-15,comp_8385,tm_8932260,FC Alverca,tm_47570,CF Estrela Amadora,2,2,draw
mt_466486577,2026-08-08,comp_8385,tm_47570,CF Estrela Amadora,tm_26936,Sporting,2,2,draw
mt_010057383,2026-05-16,comp_8385,tm_79214,Sporting Braga,tm_47570,CF Estrela Amadora,2,2,draw
mt_585959369,2026-05-11,comp_8385,tm_47570,CF Estrela Amadora,tm_216266,Famalicão,0,0,draw
mt_511385149,2026-08-23,comp_3809,tm_10474,SC Cambuur,tm_79196,Feyenoord,2,5,away
mt_899638969,2026-08-15,comp_3809,tm_38581,Fortuna Sittard,tm_10474,SC Cambuur,3,1,home
mt_511385156,2026-08-07,comp_3809,tm_10474,SC Cambuur,tm_38512,Excelsior,0,4,away
mt_252088200,2026-04-24,comp_2977,tm_10474,SC Cambuur,tm_85256,Vitesse,2,1,home
mt_643906428,2026-08-27,comp_408698,tm_99621,Qarabağ,tm_47976,FC Twente,1,2,away
mt_739917979,2026-08-20,comp_408698,tm_47976,FC Twente,tm_99621,Qarabağ,0,1,away
mt_644526402,2026-08-16,comp_3809,tm_47976,FC Twente,tm_26389,PEC Zwolle,3,1,home
mt_024850439,2026-08-13,comp_408698,tm_514387,DAC 1904,tm_47976,FC Twente,3,3,draw
mt_377263747,2026-08-14,comp_3809,tm_91047,SC Telstar,tm_10401,Sparta Rotterdam,1,3,away
mt_644526451,2026-08-08,comp_3809,tm_91026,NEC Nijmegen,tm_91047,SC Telstar,1,2,away
mt_252079688,2026-05-17,comp_3809,tm_85207,FC Volendam,tm_91047,SC Telstar,1,2,away
mt_626491983,2026-05-10,comp_3809,tm_91047,SC Telstar,tm_38524,Heracles Almelo,3,0,home
mt_466286119,2026-08-22,comp_4893,tm_65969,SC Rheindorf Altach,tm_40288,TSV Hartberg,1,2,away
mt_377417210,2026-08-08,comp_4893,tm_40288,TSV Hartberg,tm_25152,SK Sturm Graz,0,2,away
mt_022532930,2026-08-01,comp_4893,tm_62024,Red Bull Salzburg,tm_40288,TSV Hartberg,1,0,home
mt_899709603,2026-08-21,comp_4893,tm_74640,SV Ried,tm_97380,Grazer AK 1902,1,0,home
mt_733653094,2026-08-09,comp_4893,tm_74640,SV Ried,tm_40266,SK Rapid Wien,1,2,away
mt_511941314,2026-08-02,comp_4893,tm_97316,SC Austria Lustenau,tm_74640,SV Ried,1,1,draw
mt_644094551,2026-08-22,comp_4893,tm_25152,SK Sturm Graz,tm_97316,SC Austria Lustenau,1,1,draw
mt_644094598,2026-08-15,comp_4893,tm_25152,SK Sturm Graz,tm_65969,SC Rheindorf Altach,1,0,home
mt_512817946,2026-08-11,comp_3498,tm_25152,SK Sturm Graz,tm_91646,Fenerbahçe,0,1,away
mt_517251442,2026-08-23,comp_9799,tm_5357142,St.Louis City,tm_89986,Houston Dynamo,2,1,home
mt_465746867,2026-08-20,comp_9799,tm_73376,Sporting Kansas City,tm_5357142,St.Louis City,1,1,draw
mt_465746806,2026-08-16,comp_9799,tm_460479,San Jose Earthquakes,tm_5357142,St.Louis City,1,3,away
mt_641364914,2026-08-02,comp_9799,tm_5357142,St.Louis City,tm_59611,Real Salt Lake,1,1,draw
mt_370837113,2026-08-23,comp_9799,tm_155376,Vancouver Whitecaps,tm_98106,FC Dallas,5,0,home
mt_153015604,2026-08-20,comp_9799,tm_59611,Real Salt Lake,tm_98106,FC Dallas,3,4,away
mt_986198270,2026-08-17,comp_9799,tm_5314216,Austin FC,tm_98106,FC Dallas,1,2,away
mt_159008331,2026-08-13,comp_586572,tm_25717,CD Toluca,tm_98106,FC Dallas,3,1,home
mt_739017334,2026-08-27,comp_586572,tm_74579,Club América,tm_02201,Columbus Crew,2,0,home
mt_465746812,2026-08-23,comp_9799,tm_9241601,Nashville SC,tm_02201,Columbus Crew,3,2,home
mt_986198286,2026-08-19,comp_9799,tm_02201,Columbus Crew,tm_644151,CF Montréal,1,2,away
mt_894589040,2026-08-15,comp_9799,tm_8670388,Charlotte FC,tm_02201,Columbus Crew,3,1,home
mt_641364990,2026-08-23,comp_9799,tm_20633,New England Revolution,tm_5174148,New York City FC,1,1,draw
mt_517251418,2026-08-19,comp_9799,tm_98890,DC United,tm_20633,New England Revolution,0,3,away
mt_153015638,2026-08-15,comp_9799,tm_134757,Toronto FC,tm_20633,New England Revolution,2,1,home
mt_518462938,2026-08-08,comp_9799,tm_20633,New England Revolution,tm_89986,Houston Dynamo,0,2,away
mt_028402333,2026-08-23,comp_9799,tm_29289308,San Diego FC,tm_15511,Colorado Rapids,3,0,home
mt_028402344,2026-08-20,comp_9799,tm_377026,Portland Timbers,tm_29289308,San Diego FC,3,1,home
mt_641364923,2026-08-16,comp_9799,tm_1068777,Los Angeles FC,tm_29289308,San Diego FC,0,1,away
mt_518229788,2026-08-13,comp_586572,tm_29289308,San Diego FC,tm_25728,Club Puebla,3,2,home
mt_894589058,2026-08-22,comp_9799,tm_644151,CF Montréal,tm_51268,LA Galaxy,2,2,draw
mt_209620769,2026-08-20,comp_9799,tm_51268,LA Galaxy,tm_460479,San Jose Earthquakes,1,0,home
mt_028402311,2026-08-16,comp_9799,tm_89986,Houston Dynamo,tm_51268,LA Galaxy,1,0,home
mt_986198209,2026-08-02,comp_9799,tm_51268,LA Galaxy,tm_98106,FC Dallas,0,0,draw
mt_641364956,2026-08-23,comp_9799,tm_1068777,Los Angeles FC,tm_377026,Portland Timbers,1,1,draw
mt_732973546,2026-08-16,comp_9799,tm_46646,Chicago Fire,tm_377026,Portland Timbers,2,1,home
mt_159008354,2026-08-14,comp_586572,tm_377026,Portland Timbers,tm_488946,Club Tijuana,3,1,home
mt_895628994,2026-08-27,comp_586572,tm_25717,CD Toluca,tm_5314216,Austin FC,2,0,home
mt_986198228,2026-08-23,comp_9799,tm_5314216,Austin FC,tm_536435,Philadelphia Union,1,1,draw
mt_986198217,2026-08-20,comp_9799,tm_733209,Seattle Sounders FC,tm_5314216,Austin FC,1,2,away
mt_894589097,2026-08-20,comp_9799,tm_15511,Colorado Rapids,tm_1068777,Los Angeles FC,1,0,home
mt_517251487,2026-08-16,comp_9799,tm_15511,Colorado Rapids,tm_73376,Sporting Kansas City,2,0,home
mt_465746850,2026-08-02,comp_9799,tm_15511,Colorado Rapids,tm_5314216,Austin FC,1,0,home
mt_028402322,2026-08-19,comp_9799,tm_64463,New York Red Bulls,tm_9241601,Nashville SC,0,1,away
mt_209620792,2026-08-16,comp_9799,tm_9241601,Nashville SC,tm_9241098,Inter Miami CF,4,1,home
mt_893557446,2026-08-13,comp_586572,tm_97234,CF Monterrey,tm_9241601,Nashville SC,2,1,home
mt_209620775,2026-08-22,comp_9799,tm_3714078,FC Cincinnati,tm_733209,Seattle Sounders FC,1,1,draw
mt_209620703,2026-08-19,comp_9799,tm_3714078,FC Cincinnati,tm_5174148,New York City FC,2,1,home
mt_732973520,2026-08-15,comp_9799,tm_343130,Orlando City SC,tm_3714078,FC Cincinnati,1,1,draw
mt_021445881,2026-08-12,comp_586572,tm_3714078,FC Cincinnati,tm_74015,Atlas FC,1,2,away
mt_028978708,2026-08-23,comp_4795,tm_97470,Vitória,tm_40150,Bahia,0,2,away
mt_370250526,2026-08-16,comp_4795,tm_460410,Chapecoense,tm_40150,Bahia,3,3,draw
mt_153743460,2026-08-09,comp_4795,tm_40150,Bahia,tm_01922,Vasco da Gama,0,0,draw
mt_370250510,2026-07-30,comp_4795,tm_25892,Fluminense,tm_40150,Bahia,0,0,draw
mt_209839322,2026-08-23,comp_4795,tm_460410,Chapecoense,tm_25869,São Paulo,1,0,home
mt_155645573,2026-08-05,comp_5242,tm_01988,Cruzeiro,tm_460410,Chapecoense,2,0,home
mt_378174331,2026-09-03,comp_5242,tm_83636,Santos,tm_58387,Palmeiras,0,0,draw
mt_024325001,2026-08-27,comp_5242,tm_58387,Palmeiras,tm_83636,Santos,3,0,home
mt_028978871,2026-08-23,comp_4795,tm_58387,Palmeiras,tm_01922,Vasco da Gama,4,1,home
mt_200755902,2026-08-19,comp_0499,tm_22928,Cerro Porteño,tm_58387,Palmeiras,0,1,away
mt_986406043,2026-08-24,comp_4795,tm_83640,Botafogo,tm_36261,Athletico,2,3,away
mt_022311473,2026-08-21,comp_1615,tm_83640,Botafogo,tm_20908,Cienciano,1,0,home
mt_517367656,2026-08-16,comp_4795,tm_97470,Vitória,tm_83640,Botafogo,1,0,home
mt_022311204,2026-08-14,comp_1615,tm_20908,Cienciano,tm_83640,Botafogo,6,1,home
mt_511488727,2026-08-21,comp_0499,tm_36208,Corinthians,tm_38728,Rosario Central,1,0,home
mt_465195919,2026-08-16,comp_4795,tm_36208,Corinthians,tm_01988,Cruzeiro,1,2,away
mt_988277610,2026-08-14,comp_0499,tm_38728,Rosario Central,tm_36208,Corinthians,0,0,draw
mt_644922380,2026-08-20,comp_1615,tm_22531,Macará,tm_83636,Santos,0,0,draw
mt_894624269,2026-08-15,comp_4795,tm_36261,Athletico,tm_74002,Red Bull Bragantino,1,1,draw
mt_028978882,2026-08-09,comp_4795,tm_83636,Santos,tm_36261,Athletico,0,2,away
mt_200736960,2026-08-06,comp_5242,tm_97470,Vitória,tm_36261,Athletico,4,0,home
mt_511488716,2026-08-18,comp_0499,tm_922132,Independiente Rivadavia,tm_25892,Fluminense,1,1,away
mt_986406024,2026-08-15,comp_4795,tm_25892,Fluminense,tm_58387,Palmeiras,3,2,home
mt_988277679,2026-08-11,comp_0499,tm_25892,Fluminense,tm_922132,Independiente Rivadavia,0,0,draw
mt_377440424,2026-08-22,comp_9639,tm_3780212,UTA Arad,tm_8350909,FC Corvinul Hunedoara,0,0,draw
mt_200119189,2026-08-17,comp_9639,tm_088342,FC Universitatea Cluj,tm_3780212,UTA Arad,2,1,home
mt_466225276,2026-08-01,comp_9639,tm_411160,FC Voluntari,tm_3780212,UTA Arad,1,0,home
mt_988336338,2026-08-23,comp_9639,tm_7327310,Sepsi OSK,tm_04497,FC Farul Constanța,1,1,draw
mt_511997931,2026-08-14,comp_9639,tm_2928016,FC Argeș Pitești,tm_04497,FC Farul Constanța,1,1,draw
mt_644001099,2026-08-08,comp_9639,tm_04497,FC Farul Constanța,tm_9137131,FK Csíkszereda Miercurea Ciuc,3,2,home
mt_511997927,2026-08-03,comp_9639,tm_26681,FCSB,tm_04497,FC Farul Constanța,2,2,draw
mt_155883883,2026-08-24,comp_9639,tm_897249,FC Botoșani,tm_9137131,FK Csíkszereda Miercurea Ciuc,1,0,home
mt_899774707,2026-08-17,comp_9639,tm_26681,FCSB,tm_897249,FC Botoșani,3,2,home
mt_511997916,2026-08-10,comp_9639,tm_897249,FC Botoșani,tm_8350909,FC Corvinul Hunedoara,0,0,draw
mt_988336379,2026-08-03,comp_9639,tm_088342,FC Universitatea Cluj,tm_897249,FC Botoșani,2,1,home
mt_200189396,2026-09-02,comp_2999,tm_896267,Orenburg,tm_51798,Rubin Kazan,1,1,away
mt_155863943,2026-08-24,comp_5824,tm_300646,Baltika Kaliningrad,tm_51798,Rubin Kazan,1,1,draw
mt_511937664,2026-08-19,comp_2999,tm_51798,Rubin Kazan,tm_51737,FC Spartak Moscow,1,1,home
mt_511947819,2026-08-15,comp_5824,tm_64153,FC Rostov,tm_51798,Rubin Kazan,1,1,draw
mt_466215954,2026-09-02,comp_2999,tm_20972,Zenit St. Petersburg,tm_6511948,Dinamo Makhachkala,3,0,home
mt_733652411,2026-08-23,comp_5824,tm_6511948,Dinamo Makhachkala,tm_480099,FK Krasnodar,0,1,away
mt_378847178,2026-08-20,comp_2999,tm_300646,Baltika Kaliningrad,tm_6511948,Dinamo Makhachkala,1,1,home
mt_377410665,2026-08-16,comp_5824,tm_98640,Krylya Sovetov Samara,tm_6511948,Dinamo Makhachkala,1,4,away
mt_155873435,2026-09-02,comp_2999,tm_51737,FC Spartak Moscow,tm_7592579,Rodina Moscow,3,1,home
mt_899704488,2026-08-23,comp_5824,tm_51737,FC Spartak Moscow,tm_20972,Zenit St. Petersburg,2,0,home
mt_155863314,2026-08-16,comp_5824,tm_300646,Baltika Kaliningrad,tm_51737,FC Spartak Moscow,1,2,away
mt_644091280,2026-08-22,comp_5824,tm_37018,Fakel Voronezh,tm_896267,Orenburg,0,0,draw
mt_988346001,2026-08-18,comp_2999,tm_7592579,Rodina Moscow,tm_896267,Orenburg,1,4,away
mt_733652267,2026-08-14,comp_5824,tm_896267,Orenburg,tm_15368,Lokomotiv Moscow,1,1,draw
mt_644091165,2026-08-23,comp_5824,tm_46580,Dynamo Moscow,tm_7592579,Rodina Moscow,3,1,home
mt_466285548,2026-08-15,comp_5824,tm_7592579,Rodina Moscow,tm_7969714,Akron Togliatti,3,3,draw
mt_022598785,2026-09-02,comp_2999,tm_300646,Baltika Kaliningrad,tm_98640,Krylya Sovetov Samara,0,0,away
mt_899704334,2026-08-29,comp_5824,tm_37018,Fakel Voronezh,tm_20972,Zenit St. Petersburg,0,1,away
mt_644051886,2026-08-19,comp_2999,tm_98640,Krylya Sovetov Samara,tm_20972,Zenit St. Petersburg,0,0,away
mt_377410034,2026-08-16,comp_5824,tm_20972,Zenit St. Petersburg,tm_46580,Dynamo Moscow,3,0,home
mt_200179590,2026-08-29,comp_5824,tm_21309,Akhmat Grozny,tm_98640,Krylya Sovetov Samara,3,3,draw
mt_022538173,2026-08-23,comp_5824,tm_7969714,Akron Togliatti,tm_98640,Krylya Sovetov Samara,0,3,away
mt_733506240,2026-08-24,comp_5840,tm_46156,Bologna,tm_73047,Lazio,0,1,away
mt_747406152,2026-05-23,comp_5840,tm_46156,Bologna,tm_37262,Inter,3,3,draw
mt_747406104,2026-05-11,comp_5840,tm_02943,Napoli,tm_46156,Bologna,2,3,away
mt_377124068,2026-08-23,comp_5840,tm_89646,Venezia,tm_73026,Lecce,0,2,away
mt_466285725,2026-08-17,comp_8525,tm_46171,Palermo,tm_73026,Lecce,2,0,home
mt_626250845,2026-05-24,comp_5840,tm_73026,Lecce,tm_51322,Genoa,1,0,home
mt_838367202,2026-05-17,comp_5840,tm_51921,Sassuolo,tm_73026,Lecce,2,3,away
mt_466812500,2026-08-24,comp_5840,tm_98487,Roma,tm_51388,Fiorentina,4,0,home
mt_010195724,2026-05-24,comp_5840,tm_20809,Hellas Verona,tm_98487,Roma,0,2,away
mt_585839611,2026-05-17,comp_5840,tm_98487,Roma,tm_73047,Lazio,2,0,home
mt_979743087,2026-05-10,comp_5840,tm_15731,Parma,tm_98487,Roma,2,3,away
mt_155678398,2026-08-22,comp_5840,tm_37262,Inter,tm_73004,Monza,4,1,home
mt_363624574,2026-05-17,comp_5840,tm_37262,Inter,tm_20809,Hellas Verona,1,1,draw
mt_200929530,2026-05-13,comp_8525,tm_73047,Lazio,tm_37262,Inter,0,2,away
mt_200179688,2026-08-16,comp_8525,tm_73047,Lazio,tm_15838,Mantova,0,2,away
mt_979743018,2026-05-23,comp_5840,tm_73047,Lazio,tm_37240,Pisa,2,1,home
mt_155678337,2026-08-22,comp_5840,tm_51322,Genoa,tm_02943,Napoli,0,2,away
mt_467892122,2026-08-16,comp_8525,tm_51322,Genoa,tm_37274,Ascoli,4,1,home
mt_838367298,2026-05-17,comp_5840,tm_51322,Genoa,tm_98476,Milan,1,2,away
mt_252581309,2026-05-24,comp_5840,tm_02943,Napoli,tm_46107,Udinese,1,0,home
mt_404012968,2026-05-17,comp_5840,tm_37240,Pisa,tm_02943,Napoli,0,3,away
mt_022395818,2026-08-22,comp_5840,tm_46107,Udinese,tm_02924,Como,1,1,draw
mt_191978403,2026-05-24,comp_5840,tm_20131,Cremonese,tm_02924,Como,1,4,away
mt_747406191,2026-05-17,comp_5840,tm_02924,Como,tm_15731,Parma,1,0,home
mt_747406147,2026-05-10,comp_5840,tm_20809,Hellas Verona,tm_02924,Como,0,1,away
mt_981296087,2026-08-27,comp_408698,tm_58813,AS Monaco,tm_10956,Górnik Zabrze,4,1,home
mt_733041333,2026-08-23,comp_0256,tm_97714,Le Havre,tm_58813,AS Monaco,0,1,away
mt_895528564,2026-08-20,comp_408698,tm_10956,Górnik Zabrze,tm_58813,AS Monaco,2,3,away
mt_404750014,2026-05-17,comp_0256,tm_74493,RC Strasbourg,tm_58813,AS Monaco,5,4,home
mt_988470884,2026-08-21,comp_0256,tm_25550,Olympique de Marseille,tm_74493,RC Strasbourg,4,0,home
mt_363806640,2026-05-17,comp_0256,tm_25550,Olympique de Marseille,tm_83353,Stade Rennais,3,1,home
mt_010483559,2026-05-10,comp_0256,tm_97714,Le Havre,tm_25550,Olympique de Marseille,0,1,away
mt_404846268,2026-05-02,comp_0256,tm_36675,Nantes,tm_25550,Olympique de Marseille,3,0,home
mt_981290944,2026-08-27,comp_408698,tm_52627,AFC Ajax,tm_98871,FC Sion,5,3,home
mt_895528589,2026-08-20,comp_408698,tm_98871,FC Sion,tm_52627,AFC Ajax,2,4,away
mt_200852088,2026-08-16,comp_3809,tm_52627,AFC Ajax,tm_04732,SC Heerenveen,2,2,draw
mt_512795233,2026-08-13,comp_408698,tm_04289,Shelbourne,tm_52627,AFC Ajax,2,2,draw
mt_899638903,2026-08-16,comp_3809,tm_79196,Feyenoord,tm_79161,Go Ahead Eagles,2,2,draw
mt_022910245,2026-08-09,comp_3809,tm_10401,Sparta Rotterdam,tm_79196,Feyenoord,0,1,away
mt_747352909,2026-05-17,comp_3809,tm_26389,PEC Zwolle,tm_79196,Feyenoord,0,2,away
mt_155791576,2026-08-23,comp_3809,tm_79161,Go Ahead Eagles,tm_63899,ADO Den Haag,3,1,home
mt_899638975,2026-08-16,comp_3809,tm_63899,ADO Den Haag,tm_26302,FC Groningen,1,4,away
mt_022910257,2026-08-08,comp_3809,tm_10458,AZ Alkmaar,tm_63899,ADO Den Haag,2,0,home
mt_585133514,2026-04-24,comp_2977,tm_52648,FC Den Bosch,tm_63899,ADO Den Haag,1,3,away
mt_733047353,2026-08-15,comp_3809,tm_26373,Willem II Tilburg,tm_91026,NEC Nijmegen,1,4,away
mt_988479824,2026-08-08,comp_3809,tm_79161,Go Ahead Eagles,tm_26373,Willem II Tilburg,4,1,home
mt_644323992,2026-05-23,comp_3809,tm_85207,FC Volendam,tm_26373,Willem II Tilburg,1,2,away
mt_022414337,2026-05-20,comp_3809,tm_26373,Willem II Tilburg,tm_85207,FC Volendam,1,2,away
mt_644526498,2026-08-22,comp_3809,tm_04732,SC Heerenveen,tm_26389,PEC Zwolle,0,2,away
mt_377263710,2026-08-09,comp_3809,tm_04732,SC Heerenveen,tm_47976,FC Twente,1,0,home
mt_644329206,2026-05-21,comp_3809,tm_85290,FC Utrecht,tm_04732,SC Heerenveen,3,2,home
mt_733047365,2026-08-22,comp_3809,tm_10401,Sparta Rotterdam,tm_85290,FC Utrecht,3,3,draw
mt_200852011,2026-08-15,comp_3809,tm_85290,FC Utrecht,tm_10458,AZ Alkmaar,1,4,away
mt_733047309,2026-08-09,comp_3809,tm_26302,FC Groningen,tm_85290,FC Utrecht,2,1,home
mt_466788825,2026-05-24,comp_3809,tm_52627,AFC Ajax,tm_85290,FC Utrecht,0,0,home
mt_022910230,2026-08-23,comp_3809,tm_91010,PSV Eindhoven,tm_26302,FC Groningen,5,1,home
mt_155791587,2026-08-15,comp_3809,tm_38512,Excelsior,tm_91010,PSV Eindhoven,1,2,away
mt_988479839,2026-08-08,comp_3809,tm_91010,PSV Eindhoven,tm_38581,Fortuna Sittard,2,2,draw
mt_200792732,2026-08-02,comp_1038,tm_91010,PSV Eindhoven,tm_10458,AZ Alkmaar,0,4,away
mt_643586426,2026-08-26,comp_586572,tm_033872,Club León,tm_59611,Real Salt Lake,3,0,home
mt_732973551,2026-08-22,comp_9799,tm_343130,Orlando City SC,tm_59611,Real Salt Lake,2,1,home
mt_153015691,2026-08-16,comp_9799,tm_59611,Real Salt Lake,tm_869273,Minnesota United,1,1,draw
mt_732973502,2026-08-23,comp_9799,tm_2693776,Atlanta United,tm_73376,Sporting Kansas City,2,1,home
mt_209620731,2026-08-02,comp_9799,tm_73376,Sporting Kansas City,tm_89986,Houston Dynamo,0,2,away
mt_465746878,2026-08-20,comp_9799,tm_155376,Vancouver Whitecaps,tm_89986,Houston Dynamo,0,1,away
mt_894589036,2026-08-17,comp_9799,tm_733209,Seattle Sounders FC,tm_155376,Vancouver Whitecaps,0,2,away
mt_893557420,2026-08-12,comp_586572,tm_19616,Tigres UANL,tm_155376,Vancouver Whitecaps,1,1,home
mt_465746881,2026-08-23,comp_9799,tm_460479,San Jose Earthquakes,tm_869273,Minnesota United,1,5,away
mt_732973537,2026-08-20,comp_9799,tm_869273,Minnesota United,tm_2693776,Atlanta United,1,2,away
mt_644336145,2026-08-12,comp_586572,tm_869273,Minnesota United,tm_58455,Atlante FC,3,1,home
mt_517251255,2026-08-02,comp_9799,tm_3714078,FC Cincinnati,tm_460479,San Jose Earthquakes,4,2,home
mt_739536776,2026-09-03,comp_5242,tm_97470,Vitória,tm_01922,Vasco da Gama,0,2,away
mt_895097886,2026-08-27,comp_5242,tm_01922,Vasco da Gama,tm_97470,Vitória,1,0,home
mt_511488262,2026-08-20,comp_1615,tm_33657,Olimpia,tm_01922,Vasco da Gama,1,4,away
mt_022503138,2026-08-16,comp_8363,tm_3847085,LNZ Cherkasy,tm_10088,Chornomorets Odesa,2,0,home
mt_377431687,2026-08-10,comp_8363,tm_63363,Karpaty Lviv,tm_3847085,LNZ Cherkasy,3,0,home
mt_733072733,2026-07-30,comp_408698,tm_51594,KAA Gent,tm_3847085,LNZ Cherkasy,0,0,home
mt_644069294,2026-08-14,comp_8363,tm_9217317,FC Epicentr Dunaivtsi,tm_5114137,Veres Rivne,0,0,draw
mt_899780399,2026-08-02,comp_8363,tm_10088,Chornomorets Odesa,tm_6344902,Polissya Zhytomyr,1,2,away
mt_257606313,2025-05-24,comp_8363,tm_10088,Chornomorets Odesa,tm_736751,Oleksandria,0,0,draw
mt_972181040,2025-05-18,comp_8363,tm_10088,Chornomorets Odesa,tm_47720,Dynamo Kyiv,1,1,draw
mt_377431618,2026-08-15,comp_8363,tm_8587932,FC Kryvbas Kryvyi Rih,tm_7052903,FC Livyi Bereh Kyiv,1,1,draw
mt_644069241,2026-08-01,comp_8363,tm_8587932,FC Kryvbas Kryvyi Rih,tm_63363,Karpaty Lviv,1,4,away
mt_838500535,2026-05-23,comp_8363,tm_736751,Oleksandria,tm_8587932,FC Kryvbas Kryvyi Rih,1,1,draw
mt_466225218,2026-08-23,comp_9639,tm_34668,CFR 1907 Cluj,tm_26681,FCSB,1,0,home
mt_377440467,2026-08-10,comp_9639,tm_7327310,Sepsi OSK,tm_26681,FCSB,0,0,draw
mt_378277358,2026-09-02,comp_8525,tm_46107,Udinese,tm_89646,Venezia,2,1,home
mt_024945199,2026-09-02,comp_8525,tm_51921,Sassuolo,tm_20175,Frosinone,1,1,home
mt_155849745,2026-09-02,comp_8531,tm_46411,Sint-Truidense VV,tm_17744,Royale Union Saint-Gilloise,0,3,away
mt_377147113,2026-09-02,comp_3620,tm_20611,VfL Osnabrück,tm_98299,FC Bayern München,1,4,away
mt_150010980,2026-09-02,comp_1047,tm_447804,VV Staphorst,tm_753154,VV UNA,1,1,home
mt_895585373,2026-09-02,comp_1047,tm_8702927,SV TOGB,tm_533926,VV Katwijk,2,2,home
mt_378838640,2026-09-02,comp_1047,tm_1004554,USV Hercules,tm_165470,EVV Echt,1,3,away
mt_643363208,2026-09-02,comp_1047,tm_0201347,FC Rijnvogels,tm_38543,VV Bennekom,5,0,home
mt_467747014,2026-09-02,comp_1047,tm_270387,RKSV Groene Ster,tm_40604474,VV Heerjansdam,2,1,home
mt_512252833,2026-09-02,comp_1047,tm_01210045,Rkvv Spartaan,tm_7651317,RKSV UDI '19,0,5,away
mt_981191742,2026-09-02,comp_1047,tm_99968,VV Sparta Nijkerk,tm_5563955,SV Venray,2,0,home
mt_206626586,2026-09-02,comp_1047,tm_58761861,RKSV Mierlo-Hout,tm_25052266,SV Germania 1920 Groesbeek,2,2,away
mt_150010975,2026-09-02,comp_1047,tm_97879912,Gsv 28,tm_79157,RBC Roosendaal,0,4,away
mt_739979404,2026-09-02,comp_1047,tm_3118357,FC 's-Gravenzande,tm_26320,VV Gemert,0,2,away
mt_378838625,2026-09-02,comp_1047,tm_928044,VVSB Noordwijkerhout,tm_9797648,Ajax Amateurs,2,0,home
mt_512252844,2026-09-02,comp_1047,tm_8973886,VV Dongen,tm_1919389,JOS Watergraafsmeer,2,4,away
mt_206626570,2026-09-02,comp_1047,tm_4491450,VV Hoogeveen,tm_6069228,SVZW Wierden,1,1,home
mt_150010969,2026-09-02,comp_1047,tm_2708797,VPV Purmersteijn,tm_58185523,Zwaluw VFC,4,3,home
mt_895585302,2026-09-02,comp_1047,tm_4746681,VV Goes,tm_655034,vv Noordwijk,0,1,away
mt_643363230,2026-09-02,comp_1047,tm_462268,HVV Hollandia,tm_19345435,RKSV Halsteren,1,1,away
mt_206626565,2026-09-02,comp_1047,tm_36536616,FC Surhústerfean,tm_4896291,VV DOVO Veenendaal,1,2,away
mt_150010903,2026-09-02,comp_1047,tm_91091,ACV Assen,tm_924347,RKVV Westlandia,6,1,home
mt_378838674,2026-09-02,comp_1047,tm_74347794,Rksv Liereop,tm_779533,VV Zwaluwen,0,7,away
mt_643363245,2026-09-02,comp_1047,tm_83938854,Atc 65,tm_0800443,DVS '33 Ermelo,1,2,away
mt_988329711,2026-09-02,comp_0196,tm_8941,Reading,tm_1882,Mansfield Town,5,0,home
mt_643559915,2026-09-02,comp_0196,tm_7598,Wigan Athletic,tm_0469,Milton Keynes Dons,3,1,home
mt_377413615,2026-09-02,comp_0196,tm_9905,Luton Town,tm_1332,Stockport County,2,0,home
mt_644096240,2026-09-02,comp_0196,tm_5840,Barnsley,tm_3489,Blackpool,2,1,home
mt_988329788,2026-09-02,comp_0196,tm_0830,Burton Albion,tm_371423,AFC Wimbledon,4,1,home
mt_838367264,2026-05-09,comp_5840,tm_73052,Cagliari,tm_46107,Udinese,0,2,away
mt_979743021,2026-05-03,comp_5840,tm_46156,Bologna,tm_73052,Cagliari,0,0,draw
mt_512888849,2026-08-29,comp_5450,tm_20817,Padova,tm_20809,Hellas Verona,1,1,draw
mt_467000074,2026-08-23,comp_5450,tm_20809,Hellas Verona,tm_37274,Ascoli,1,2,away
mt_155863076,2026-08-16,comp_8525,tm_20809,Hellas Verona,tm_176195,Virtus Entella,2,2,home
mt_252581386,2026-05-03,comp_5840,tm_37201,Juventus,tm_20809,Hellas Verona,1,1,draw
mt_010195877,2026-04-25,comp_5840,tm_20809,Hellas Verona,tm_73026,Lecce,0,0,draw
mt_643222298,2026-08-30,comp_5450,tm_20886,Arezzo,tm_46171,Palermo,2,3,away
mt_981777712,2026-08-23,comp_5450,tm_46171,Palermo,tm_05193,Juve Stabia,1,0,home
mt_466649710,2026-05-20,comp_5450,tm_46171,Palermo,tm_64035,Catanzaro,2,0,home
mt_988890129,2026-05-17,comp_5450,tm_64035,Catanzaro,tm_46171,Palermo,3,0,home
mt_363386052,2026-05-08,comp_5450,tm_89646,Venezia,tm_46171,Palermo,2,0,home
mt_585528657,2026-05-01,comp_5450,tm_46171,Palermo,tm_64035,Catanzaro,3,2,home
mt_626632838,2026-04-25,comp_5450,tm_645958,Reggiana,tm_46171,Palermo,1,1,draw
mt_981777724,2026-08-30,comp_5450,tm_15838,Mantova,tm_46168,Empoli,3,1,home
mt_895333354,2026-08-22,comp_5450,tm_46149,Carrarese,tm_15838,Mantova,1,2,away
mt_585528768,2026-05-08,comp_5450,tm_20175,Frosinone,tm_15838,Mantova,5,0,home
mt_191109488,2026-05-01,comp_5450,tm_15838,Mantova,tm_73004,Monza,3,2,home
mt_404470920,2026-04-25,comp_5450,tm_15847,Südtirol,tm_15838,Mantova,0,3,away
mt_747794142,2026-04-18,comp_5450,tm_15838,Mantova,tm_15775,Avellino,0,2,away
mt_191109433,2026-04-12,comp_5450,tm_46114,Spezia,tm_15838,Mantova,0,2,away
mt_200131513,2026-08-30,comp_8531,tm_51594,KAA Gent,tm_89808,Club Brugge KV,2,1,home
mt_466292080,2026-08-16,comp_8531,tm_6521331,RAAL La Louvière,tm_51594,KAA Gent,1,2,away
mt_378043883,2026-08-13,comp_408698,tm_51594,KAA Gent,tm_25088,IFK Göteborg,1,1,draw
mt_466292075,2026-08-09,comp_8531,tm_51594,KAA Gent,tm_09014,KV Mechelen,2,0,home
mt_512795288,2026-08-06,comp_408698,tm_25088,IFK Göteborg,tm_51594,KAA Gent,0,1,away
mt_155848971,2026-08-29,comp_8531,tm_85223,Oud-Heverlee Leuven,tm_20210,Standard Liège,1,2,away
mt_988303719,2026-08-15,comp_8531,tm_85223,Oud-Heverlee Leuven,tm_89808,Club Brugge KV,0,3,away
mt_200131508,2026-08-09,comp_8531,tm_89872,RC Sporting Charleroi,tm_85223,Oud-Heverlee Leuven,3,1,home
mt_987320969,2026-05-23,comp_8531,tm_85223,Oud-Heverlee Leuven,tm_15173,KRC Genk,0,2,away
mt_893702845,2026-05-19,comp_8531,tm_89872,RC Sporting Charleroi,tm_85223,Oud-Heverlee Leuven,1,1,draw
mt_642098612,2026-05-15,comp_8531,tm_85223,Oud-Heverlee Leuven,tm_73701,Royal Antwerp FC,3,0,home
mt_893702829,2026-05-08,comp_8531,tm_20210,Standard Liège,tm_85223,Oud-Heverlee Leuven,2,1,home
mt_376415356,2026-05-02,comp_8531,tm_51532,KVC Westerlo,tm_85223,Oud-Heverlee Leuven,3,3,draw
mt_511969898,2026-08-30,comp_8531,tm_17744,Royale Union Saint-Gilloise,tm_15189,RSC Anderlecht,3,0,home
mt_981892721,2026-08-27,comp_7739,tm_15189,RSC Anderlecht,tm_93034,Kairat Almaty,3,0,home
mt_643469229,2026-08-20,comp_7739,tm_93034,Kairat Almaty,tm_15189,RSC Anderlecht,0,3,away
mt_022575138,2026-08-16,comp_8531,tm_70577,SK Beveren,tm_15189,RSC Anderlecht,1,0,home
mt_467512276,2026-08-13,comp_7739,tm_15189,RSC Anderlecht,tm_26695,PAOK,3,2,home
mt_377454687,2026-08-09,comp_8531,tm_15189,RSC Anderlecht,tm_6521331,RAAL La Louvière,2,1,home
mt_378024481,2026-08-06,comp_7739,tm_26695,PAOK,tm_15189,RSC Anderlecht,0,1,away
mt_733071996,2026-07-30,comp_7739,tm_15189,RSC Anderlecht,tm_83969,Hammarby IF,3,1,home
mt_899727366,2026-08-29,comp_8531,tm_86087,KV Kortrijk,tm_89872,RC Sporting Charleroi,1,3,away
mt_200131561,2026-08-15,comp_8531,tm_86087,KV Kortrijk,tm_73701,Royal Antwerp FC,0,3,away
mt_155848956,2026-08-07,comp_8531,tm_89808,Club Brugge KV,tm_86087,KV Kortrijk,3,0,home
mt_191648337,2026-04-17,comp_7218,tm_86087,KV Kortrijk,tm_7392241,RWD Molenbeek,3,1,home
mt_363154056,2026-04-11,comp_7218,tm_70577,SK Beveren,tm_86087,KV Kortrijk,1,0,home
mt_979203094,2026-04-03,comp_7218,tm_86087,KV Kortrijk,tm_2957117,KAA Gent Reserve U23,2,0,home
mt_838027274,2026-03-21,comp_7218,tm_8002057,Royal Francs Borains,tm_86087,KV Kortrijk,4,1,home
mt_838027262,2026-03-14,comp_7218,tm_86087,KV Kortrijk,tm_455877,OC Charleroi,3,1,home
mt_512957668,2026-09-03,comp_586572,tm_74579,Club América,tm_97234,CF Monterrey,2,2,away
mt_022538533,2026-09-03,comp_720692,tm_66439,Independiente Santa Fe,tm_33782,Millonarios,3,2,home
mt_981396006,2026-09-03,comp_586572,tm_25717,CD Toluca,tm_033872,Club León,2,0,home
mt_150763406,2026-09-03,comp_573599,tm_2776530,Deportes Limache,tm_721561,Ñublense,2,0,home
mt_150306054,2026-09-03,comp_08235,tm_85905,Vélez Sarsfield,tm_91813,Boca Juniors,0,0,away
mt_987613406,2026-09-03,comp_1917,tm_18385,Barcelona SC,tm_536213,Independiente del Valle,2,1,home
mt_465121220,2026-09-03,comp_970794,tm_9272329,Forward Madison FC,tm_8684389,One Knoxville SC,1,1,draw
mt_517393996,2026-09-02,comp_970794,tm_7561622,Fort Wayne FC,tm_207803,Richmond Kickers,2,0,home
mt_986434349,2026-09-02,comp_970794,tm_557528,New York Cosmos,tm_5995315,Sarasota Paradise,1,2,away
mt_732060605,2026-09-02,comp_970794,tm_9880799,Charlotte Independence,tm_45415856,Portland Hearts of Pine,3,2,home
mt_467162777,2026-09-02,comp_5537,tm_5757898,Colegiales,tm_0438531,Ferrocarril Midland,3,0,home
mt_028955850,2026-09-02,comp_586859,tm_022830,Charleston Battery,tm_8039042,Hartford Athletic,1,2,away
mt_732060660,2026-09-02,comp_970794,tm_96946260,Westchester SC,tm_2757171,Chattanooga Red Wolves SC,0,1,away
mt_739052199,2026-09-02,comp_573599,tm_47691,Coquimbo Unido,tm_09082,Universidad de Concepción,1,0,home
mt_378863476,2026-09-02,comp_364464,tm_6322209,Talleres de Córdoba Reserve,tm_0958411,Instituto AC Cordoba Reserves,0,1,away
mt_159308611,2026-09-02,comp_1917,tm_21916,Deportivo Cuenca,tm_1538405,Guayaquil City,1,0,home
mt_467289782,2026-09-02,comp_4781,tm_26695,PAOK,tm_26639,OFI Crete,0,0,draw
mt_460572197,2026-09-02,comp_1917,tm_22531,Macará,tm_279303,Manta FC,4,3,home
mt_024324721,2026-09-02,comp_6694,tm_0438884,Juventus,tm_6281141,SKN St. Pölten,1,1,draw
mt_022577989,2026-09-02,comp_4084,tm_73342,Grasshopper Club Zürich,tm_98868,FC St. Gallen 1879,2,0,home
mt_155844739,2026-09-02,comp_4084,tm_51184,FC Luzern,tm_51113,FC Vaduz,2,1,home
mt_644088580,2026-09-02,comp_4084,tm_02219,FC Thun,tm_64410,FC Lausanne-Sport,0,0,draw
mt_643532612,2026-09-02,comp_9722,tm_02102,NK Aluminij Kidričevo,tm_51897,NK Celje,0,2,away
mt_378277718,2026-09-02,comp_6694,tm_6481391,Oud-Heverlee Leuven,tm_3735817,Czarni Sosnowiec,2,1,home
mt_378257782,2026-09-02,comp_9766,tm_00155,Bohemians Praha 1905,tm_46909,FK Jablonec,1,1,draw
mt_206706352,2026-09-02,comp_6694,tm_2796637,Real Madrid,tm_1543077,Ajax,2,1,home
mt_378863421,2026-09-02,comp_364464,tm_0200457,Newell's Old Boys Reserve,tm_8556748,CD Riestra Reserve,0,2,away
mt_643326053,2026-09-02,comp_364464,tm_6330829,Ferro Carril Oeste Reserve,tm_8988575,Estudiantes de La Plata Reserve,0,1,away
mt_024410591,2026-09-02,comp_364464,tm_3855474,CA Independiente Reserve,tm_6383443,Platense Reserve,1,1,draw
mt_150091868,2026-09-02,comp_364464,tm_0958797,Estudiantes de Río Cuarto Reserve,tm_8520572,San Martin Reserve,1,0,home
mt_150091856,2026-09-02,comp_364464,tm_2638559,Godoy Cruz Reserve,tm_4644725,Tigre Reserve,2,2,draw
mt_643326041,2026-09-02,comp_364464,tm_5288423,Atlético Tucumán Reserve,tm_3733847,San Lorenzo Reserve,2,1,home
mt_511437714,2026-09-02,comp_7938,tm_29826,AGF,tm_72074,FC Midtjylland,0,2,away
mt_467604489,2026-09-02,comp_8597,tm_455781,Mamelodi Sundowns,tm_7356944,Milford FC,2,0,home
mt_150864075,2026-09-02,comp_4781,tm_47702,AE Larisa,tm_47798,Olympiacos FC,0,4,away
mt_895702564,2026-09-02,comp_4781,tm_33276,MGS Panserraikos,tm_94911,Atromitos Athens,0,1,away
mt_150771877,2026-09-02,comp_45001,tm_229721,Sanat Naft Abadan,tm_844888,Sepahan S.C.,0,0,draw
mt_739559719,2026-09-02,comp_3758,tm_04425,Slavia Sofia,tm_52213,Levski Sofia,1,2,away
mt_206706363,2026-09-02,comp_6694,tm_8006863,HB Køge,tm_9806149,PSV Eindhoven,1,1,draw
mt_981281080,2026-09-02,comp_6694,tm_3064426,Real Sociedad,tm_8444036,Chelsea FC,0,1,away
mt_206665686,2026-09-02,comp_84287,tm_8564596,Abu Qair Semad,tm_317672,Al-Ittihad Alexandria,0,2,away
mt_150009075,2026-09-02,comp_84287,tm_9472498,Ceramica Cleopatra,tm_1000687,Modern Sport FC,2,0,home
mt_739143562,2026-09-02,comp_8448,tm_63160,Sivasspor,tm_1649454,Mardin 1969 Spor,2,2,draw
mt_024712334,2026-09-02,comp_8448,tm_09584,Fatih Karagümrük,tm_91698,Kayserispor,1,1,draw
mt_511977415,2026-09-02,comp_6429,tm_93670,Hapoel Be'er Sheva,tm_21992,Hapoel Haifa,2,2,draw
mt_466185992,2026-09-02,comp_1112,tm_937271,BK Olympic,tm_25088,IFK Göteborg,0,5,away
mt_512412628,2026-09-02,comp_6694,tm_2797663,Servette FC Chênois Féminin,tm_482708,Sparta Prague,3,0,home
mt_643940439,2026-09-02,comp_6694,tm_4878120,Inter,tm_60994,VfL Wolfsburg,2,0,home
mt_512412617,2026-09-02,comp_6694,tm_447500,Paris Saint-Germain,tm_4528925,Eintracht Frankfurt,1,1,home
mt_981449906,2026-09-02,comp_45001,tm_692896,Esteghlal FC,tm_031739,Persepolis FC,1,1,draw
mt_206767105,2026-09-02,comp_9766,tm_15496,FC Zbrojovka Brno,tm_37577,FC Hradec Králové,1,0,home
mt_512335957,2026-09-02,comp_45001,tm_9123747,Kheybar Khorramabad FC,tm_557366,Foolad Khuzestan,2,0,home
mt_206170529,2026-09-02,comp_4781,tm_3806067,GS Marko,tm_0171011,AE Kifisia,2,2,draw
mt_206882112,2026-09-02,comp_45001,tm_808857,Zob Ahan,tm_8433259,Paykan,1,0,home
mt_206882181,2026-09-02,comp_45001,tm_772010,Malavan Bandar Anzali FC,tm_9128947,Nassaji Mazandaran FC,0,1,away
mt_378415825,2026-09-02,comp_4781,tm_0171044,AS Nestos Chrysoupolis,tm_10033,AEK Athens,0,2,away
mt_378886883,2026-09-02,comp_84287,tm_418128,El Gouna FC,tm_417590,Al-Mokawloon,0,1,away
mt_895239072,2026-09-02,comp_8448,tm_157164,Van Spor Futbol Kulübü,tm_79443,Batman Petrolspor,0,2,away
mt_511399687,2026-09-02,comp_6240,tm_47016,Sanfrecce Hiroshima,tm_63253,Nagoya Grampus,3,0,home
mt_200811392,2026-09-02,comp_6240,tm_79406,Tokyo Verdy,tm_63209,Vissel Kobe,0,2,away
mt_733066120,2026-09-02,comp_6240,tm_52837,Shimizu S-Pulse,tm_38642,FC Tokyo,1,1,draw
mt_899677240,2026-09-02,comp_6240,tm_38621,Yokohama F. Marinos,tm_79467,Kyoto Sanga FC,1,1,draw
mt_377244508,2026-09-02,comp_6240,tm_52898,Avispa Fukuoka,tm_47027,Urawa Red Diamonds,2,3,away
mt_466122950,2026-09-02,comp_6240,tm_26513,Cerezo Osaka,tm_10971,Kashiwa Reysol,2,0,home
mt_022955788,2026-09-02,comp_6240,tm_700743,Machida Zelvia,tm_34562,Kawasaki Frontale,2,1,home
mt_511399676,2026-09-02,comp_6240,tm_035272,V-Varen Nagasaki,tm_85366,Gamba Osaka,2,2,draw
mt_988433009,2026-09-02,comp_6240,tm_04152,JEF United Chiba,tm_038983,Fagiano Okayama,1,2,away
mt_200811331,2026-09-02,comp_6240,tm_200306,Mito Hollyhock,tm_04191,Kashima Antlers,4,2,home
mt_512581292,2026-09-02,comp_08993,tm_0837447,Sutherland Sharks,tm_8402599,Manly United,1,1,away
mt_981978138,2026-09-02,comp_08993,tm_26351,Marconi Stallions,tm_9300472,North West Sydney Spirit,1,3,away
mt_988326328,2026-09-02,comp_720692,tm_8450037,Fortaleza CEIF,tm_88957,Once Caldas,1,2,away
mt_021845972,2026-09-02,comp_1917,tm_34030,LDU,tm_6229144,Mushuc Runa,0,0,draw
mt_986139042,2026-08-29,comp_9799,tm_134757,Toronto FC,tm_5174148,New York City FC,1,1,draw
mt_370837161,2026-08-16,comp_9799,tm_5174148,New York City FC,tm_536435,Philadelphia Union,2,3,away
mt_518229711,2026-08-13,comp_586572,tm_5174148,New York City FC,tm_01977,Club Necaxa,1,2,away
mt_987113044,2026-08-09,comp_586572,tm_36257,Cruz Azul,tm_5174148,New York City FC,2,1,home
mt_021445878,2026-08-06,comp_586572,tm_5174148,New York City FC,tm_83625,Santos Laguna,2,0,home
mt_986198193,2026-07-31,comp_9799,tm_5174148,New York City FC,tm_134757,Toronto FC,1,1,draw
mt_205661932,2026-08-10,comp_586572,tm_9241601,Nashville SC,tm_19747,Atlético San Luis,4,1,home
mt_159008417,2026-08-06,comp_586572,tm_9241601,Nashville SC,tm_033872,Club León,0,1,away
mt_209620628,2026-08-01,comp_9799,tm_98890,DC United,tm_9241601,Nashville SC,2,2,draw
mt_155165983,2026-08-29,comp_8385,tm_91673,Académico Viseu FC,tm_91602,FC Porto,0,3,away
mt_988928631,2026-08-23,comp_8385,tm_91602,FC Porto,tm_373760,FC Arouca,2,0,home
mt_511541732,2026-08-15,comp_8385,tm_63134,Rio Ave,tm_91602,FC Porto,0,2,away
mt_155165364,2026-08-09,comp_8385,tm_91602,FC Porto,tm_8932260,FC Alverca,2,0,home
mt_626608985,2026-05-16,comp_8385,tm_91602,FC Porto,tm_26997,Santa Clara,1,0,home
mt_979393404,2026-05-10,comp_8385,tm_8840625,AVS - Futebol SAD,tm_91602,FC Porto,3,1,home
mt_252121726,2026-05-02,comp_8385,tm_91602,FC Porto,tm_8932260,FC Alverca,1,0,home
mt_404242822,2026-04-26,comp_8385,tm_47570,CF Estrela Amadora,tm_91602,FC Porto,1,2,away
mt_191818615,2026-05-02,comp_8385,tm_04880,Moreirense,tm_47570,CF Estrela Amadora,3,2,home
mt_363434135,2026-04-25,comp_8385,tm_63118,Benfica,tm_04880,Moreirense,4,1,home
mt_252121785,2026-04-20,comp_8385,tm_04880,Moreirense,tm_17364,Estoril Praia,1,0,home
mt_205231375,2026-05-13,comp_0256,tm_83394,RC Lens,tm_01119,Paris Saint-Germain,0,2,away
mt_191036815,2026-05-10,comp_0256,tm_01119,Paris Saint-Germain,tm_40658,Stade Brestois,1,0,home
mt_626964045,2026-05-02,comp_0256,tm_25506,Metz,tm_58813,AS Monaco,1,2,away
mt_733711793,2026-08-29,comp_8814,tm_73725,Levante UD,tm_64056,Real Betis,5,2,home
mt_191006317,2026-05-23,comp_8814,tm_64056,Real Betis,tm_73725,Levante UD,2,1,home
mt_838550269,2026-05-12,comp_8814,tm_64056,Real Betis,tm_64612,Elche,2,1,home
mt_252666829,2026-05-03,comp_8814,tm_64056,Real Betis,tm_20291,Real Oviedo,3,0,home
mt_747995227,2026-05-14,comp_8814,tm_73673,Real Madrid,tm_20291,Real Oviedo,2,0,home
mt_979111384,2026-05-03,comp_8814,tm_02599,Espanyol,tm_73673,Real Madrid,0,2,away
mt_838528628,2026-04-25,comp_8321,tm_8814,West Bromwich Albion,tm_9825,Ipswich Town,0,0,draw
mt_626386585,2026-04-22,comp_8321,tm_3169,Charlton Athletic,tm_9825,Ipswich Town,1,2,away
mt_252632723,2026-04-19,comp_8321,tm_9825,Ipswich Town,tm_6387,Middlesbrough,2,2,draw
mt_022587842,2026-08-29,comp_3039,tm_0406,Liverpool,tm_0836,Nottingham Forest,2,2,draw
mt_644018143,2026-08-23,comp_3039,tm_7938,Newcastle United,tm_0406,Liverpool,2,2,draw
mt_010244270,2026-05-09,comp_3039,tm_0406,Liverpool,tm_8531,Chelsea,1,1,draw
mt_747399419,2026-05-03,comp_3039,tm_4643,Manchester United,tm_0406,Liverpool,3,2,home
mt_404677022,2026-04-25,comp_3039,tm_0406,Liverpool,tm_3498,Crystal Palace,3,1,home
mt_404678180,2026-04-19,comp_3039,tm_8091,Everton,tm_0406,Liverpool,1,2,away
mt_469704026,2025-09-13,comp_62263,tm_1548,Shepshed Dynamo,tm_183717,Stamford,0,2,away
mt_469757228,2025-09-02,comp_62263,tm_1548,Shepshed Dynamo,tm_314534,Bourne Town,1,1,home
mt_469011158,2025-08-30,comp_62263,tm_314534,Bourne Town,tm_1548,Shepshed Dynamo,0,0,draw
mt_400985670,2022-09-06,comp_62263,tm_032749,Coalville Town,tm_1548,Shepshed Dynamo,2,0,home
mt_199454310,2022-09-03,comp_62263,tm_1548,Shepshed Dynamo,tm_032749,Coalville Town,1,1,draw
mt_367403335,2023-09-02,comp_62263,tm_6364692,Ossett United,tm_183660,Marske United FC,0,3,away
mt_467242680,2026-08-29,comp_25875,tm_6433194,Padiham FC,tm_3736750,Pontefract Collieries,0,7,away
mt_731400505,2025-08-30,comp_62263,tm_4640044,Morpeth Town,tm_3736750,Pontefract Collieries,2,1,home
mt_196176634,2024-08-31,comp_62263,tm_151611,Sheffield FC,tm_3736750,Pontefract Collieries,5,0,home
mt_833267369,2022-09-17,comp_62263,tm_9876,Chester,tm_3736750,Pontefract Collieries,0,0,home
mt_011731072,2022-09-06,comp_62263,tm_3736750,Pontefract Collieries,tm_3115123,Charnock Richard FC,2,1,home
mt_833292462,2022-09-03,comp_62263,tm_3115123,Charnock Richard FC,tm_3736750,Pontefract Collieries,2,2,draw
mt_586448423,2021-10-19,comp_62263,tm_3052,FC Halifax Town,tm_3736750,Pontefract Collieries,1,0,home
mt_194647641,2021-10-16,comp_62263,tm_3736750,Pontefract Collieries,tm_3052,FC Halifax Town,0,0,draw
mt_733616406,2026-08-29,comp_8531,tm_79129,Cercle Brugge,tm_65625,Lommel SK,0,1,away
mt_022575191,2026-08-23,comp_8531,tm_65625,Lommel SK,tm_51532,KVC Westerlo,4,0,home
mt_377454618,2026-08-16,comp_8531,tm_65625,Lommel SK,tm_89872,RC Sporting Charleroi,0,1,away
mt_022575147,2026-08-08,comp_8531,tm_46411,Sint-Truidense VV,tm_65625,Lommel SK,1,1,draw
mt_988822386,2026-05-23,comp_8531,tm_9427980,FCV Dender,tm_65625,Lommel SK,0,0,draw
mt_155566368,2026-05-17,comp_8531,tm_65625,Lommel SK,tm_9427980,FCV Dender,3,2,home
mt_466066020,2026-05-09,comp_8531,tm_1988367,K. Beerschot V.A.,tm_65625,Lommel SK,1,3,away
mt_899393428,2026-05-02,comp_8531,tm_65625,Lommel SK,tm_1988367,K. Beerschot V.A.,3,1,home
mt_466292016,2026-08-23,comp_8531,tm_89808,Club Brugge KV,tm_79129,Cercle Brugge,1,0,home
mt_987320394,2026-05-24,comp_8531,tm_89808,Club Brugge KV,tm_51594,KAA Gent,5,0,home
mt_159864885,2026-05-21,comp_8531,tm_09014,KV Mechelen,tm_89808,Club Brugge KV,2,2,draw
mt_376415445,2026-05-17,comp_8531,tm_89808,Club Brugge KV,tm_17744,Royale Union Saint-Gilloise,5,0,home
mt_518946934,2026-05-09,comp_8531,tm_89808,Club Brugge KV,tm_46411,Sint-Truidense VV,2,0,home
mt_404012982,2026-05-10,comp_5840,tm_51388,Fiorentina,tm_51322,Genoa,0,0,draw
mt_747406179,2026-04-26,comp_5840,tm_51322,Genoa,tm_02924,Como,0,2,away
mt_252581370,2026-05-02,comp_5840,tm_02924,Como,tm_02943,Napoli,0,0,draw
mt_893485039,2026-04-21,comp_8525,tm_37262,Inter,tm_02924,Como,3,2,home
mt_377364632,2026-08-28,comp_4643,tm_98299,FC Bayern München,tm_37258,VfB Stuttgart,5,1,home
mt_899079062,2026-08-21,comp_3620,tm_51282,F.C. Hansa Rostock,tm_37258,VfB Stuttgart,0,4,away
mt_644166396,2026-05-23,comp_3620,tm_98299,FC Bayern München,tm_37258,VfB Stuttgart,3,0,home
mt_191038914,2026-05-16,comp_4643,tm_02978,Eintracht Frankfurt,tm_37258,VfB Stuttgart,2,2,draw
mt_838546829,2026-05-09,comp_4643,tm_37258,VfB Stuttgart,tm_20832,Bayer 04 Leverkusen,3,1,home
mt_010489500,2026-05-02,comp_4643,tm_73909,TSG Hoffenheim,tm_37258,VfB Stuttgart,3,3,draw
mt_626315612,2026-04-26,comp_4643,tm_37258,VfB Stuttgart,tm_02413,SV Werder Bremen,1,1,draw
mt_987864301,2026-04-23,comp_3620,tm_37258,VfB Stuttgart,tm_89592,SC Freiburg,1,1,home
mt_988973761,2026-08-29,comp_4643,tm_20721,1. FC Köln,tm_73909,TSG Hoffenheim,3,2,home
mt_733563564,2026-08-24,comp_3620,tm_371414,FC Würzburger Kickers,tm_20721,1. FC Köln,1,2,away
mt_626310209,2026-05-16,comp_4643,tm_98299,FC Bayern München,tm_20721,1. FC Köln,5,1,home
mt_585273565,2026-05-10,comp_4643,tm_20721,1. FC Köln,tm_44984,1. FC Heidenheim,1,3,away
mt_979164394,2026-05-02,comp_4643,tm_37885,1. FC Union Berlin,tm_20721,1. FC Köln,2,2,draw
mt_838546783,2026-04-25,comp_4643,tm_20721,1. FC Köln,tm_20832,Bayer 04 Leverkusen,1,2,away
mt_747920664,2026-04-17,comp_4643,tm_64315,FC St. Pauli,tm_20721,1. FC Köln,1,1,draw
mt_838546762,2026-04-12,comp_4643,tm_20721,1. FC Köln,tm_02413,SV Werder Bremen,3,1,home
mt_899755659,2026-08-28,comp_9777,tm_40015,Nancy,tm_842596,USL Dunkerque,2,0,home
mt_644033548,2026-08-21,comp_9777,tm_842596,USL Dunkerque,tm_97771,Montpellier,0,1,away
mt_988311472,2026-08-14,comp_9777,tm_97749,Stade de Reims,tm_842596,USL Dunkerque,3,3,draw
mt_377488187,2026-08-08,comp_9777,tm_842596,USL Dunkerque,tm_25578,Grenoble Foot 38,4,2,home
mt_747924479,2026-05-09,comp_9777,tm_40015,Nancy,tm_842596,USL Dunkerque,3,2,home
mt_375527334,2026-05-02,comp_9777,tm_842596,USL Dunkerque,tm_25578,Grenoble Foot 38,0,1,away
mt_460708252,2026-04-27,comp_9777,tm_25099,US Boulogne Côte-d'Opale,tm_842596,USL Dunkerque,2,6,away
mt_838546342,2026-04-20,comp_9777,tm_842596,USL Dunkerque,tm_58845,Stade Lavallois,0,2,away
mt_511922325,2026-08-28,comp_9777,tm_19977,Clermont Foot,tm_36680,Sochaux,0,0,draw
mt_899755693,2026-08-21,comp_9777,tm_19977,Clermont Foot,tm_62204,Dijon,1,1,draw
mt_466277104,2026-08-14,comp_9777,tm_83365,Saint-Étienne,tm_19977,Clermont Foot,3,1,home
mt_466277875,2026-08-08,comp_9777,tm_19977,Clermont Foot,tm_97749,Stade de Reims,0,0,draw
mt_010481150,2026-05-09,comp_9777,tm_19977,Clermont Foot,tm_01125,Guingamp,1,0,home
mt_980006107,2026-05-02,comp_9777,tm_97771,Montpellier,tm_19977,Clermont Foot,1,2,away
mt_404751052,2026-04-24,comp_9777,tm_19977,Clermont Foot,tm_40064,Bastia,1,1,draw
mt_979164708,2026-04-17,comp_9777,tm_97723,Le Mans,tm_19977,Clermont Foot,1,0,home
mt_155800706,2026-08-28,comp_9777,tm_97771,Montpellier,tm_25099,US Boulogne Côte-d'Opale,0,0,draw
mt_022544915,2026-08-21,comp_9777,tm_25099,US Boulogne Côte-d'Opale,tm_007490,Red Star FC,1,1,draw
mt_733699033,2026-08-14,comp_9777,tm_01125,Guingamp,tm_25099,US Boulogne Côte-d'Opale,1,0,home
mt_899755099,2026-08-08,comp_9777,tm_25099,US Boulogne Côte-d'Opale,tm_40015,Nancy,0,0,draw
mt_203379157,2026-05-09,comp_9777,tm_58845,Stade Lavallois,tm_25099,US Boulogne Côte-d'Opale,2,1,home
mt_154463890,2026-05-02,comp_9777,tm_25099,US Boulogne Côte-d'Opale,tm_0238139,Annecy FC,1,2,away
mt_731152643,2026-04-18,comp_9777,tm_97782,Troyes,tm_25099,US Boulogne Côte-d'Opale,1,0,home
mt_466104674,2026-08-29,comp_3809,tm_38512,Excelsior,tm_10401,Sparta Rotterdam,2,1,home
mt_363710151,2026-05-17,comp_3809,tm_10401,Sparta Rotterdam,tm_38512,Excelsior,2,3,away
mt_010238371,2026-05-10,comp_3809,tm_47976,FC Twente,tm_10401,Sparta Rotterdam,4,0,home
mt_252079611,2026-05-03,comp_3809,tm_10401,Sparta Rotterdam,tm_79161,Go Ahead Eagles,2,2,draw
mt_626491302,2026-04-22,comp_3809,tm_91047,SC Telstar,tm_10401,Sparta Rotterdam,4,1,home
mt_022910208,2026-08-29,comp_3809,tm_26389,PEC Zwolle,tm_91026,NEC Nijmegen,1,3,away
mt_988479843,2026-08-09,comp_3809,tm_26389,PEC Zwolle,tm_52627,AFC Ajax,0,2,away
mt_585147235,2026-05-10,comp_3809,tm_38581,Fortuna Sittard,tm_26389,PEC Zwolle,3,2,home
mt_585147467,2026-05-03,comp_3809,tm_26389,PEC Zwolle,tm_38524,Heracles Almelo,1,0,home
mt_252079622,2026-04-23,comp_3809,tm_91010,PSV Eindhoven,tm_26389,PEC Zwolle,6,1,home
mt_200119120,2026-08-29,comp_9639,tm_9137131,FK Csíkszereda Miercurea Ciuc,tm_34668,CFR 1907 Cluj,2,3,away
mt_733662657,2026-08-16,comp_9639,tm_8350909,FC Corvinul Hunedoara,tm_34668,CFR 1907 Cluj,3,0,home
mt_512795244,2026-08-13,comp_408698,tm_1135,Tromsø IL,tm_34668,CFR 1907 Cluj,2,1,home
mt_378043862,2026-08-06,comp_408698,tm_34668,CFR 1907 Cluj,tm_1135,Tromsø IL,0,5,away
mt_377340505,2026-07-30,comp_408698,tm_34668,CFR 1907 Cluj,tm_6114280,FC Alashkert,3,0,home
mt_466225260,2026-07-27,comp_9639,tm_34668,CFR 1907 Cluj,tm_411160,FC Voluntari,5,0,home
mt_155883897,2026-07-25,comp_9639,tm_04497,FC Farul Constanța,tm_8350909,FC Corvinul Hunedoara,2,0,home
mt_644001044,2026-07-19,comp_9639,tm_088342,FC Universitatea Cluj,tm_04497,FC Farul Constanța,2,1,home
mt_377873784,2026-05-31,comp_9639,tm_04497,FC Farul Constanța,tm_338337,Chindia Târgoviște,1,1,home
mt_988470813,2026-08-29,comp_0256,tm_74434,Olympique Lyonnais,tm_97714,Le Havre,1,1,draw
mt_643463960,2026-08-26,comp_3498,tm_74434,Olympique Lyonnais,tm_91646,Fenerbahçe,1,2,away
mt_024204303,2026-08-18,comp_3498,tm_91646,Fenerbahçe,tm_74434,Olympique Lyonnais,1,1,draw
mt_206988230,2026-08-11,comp_3498,tm_74434,Olympique Lyonnais,tm_89295,AC Sparta Praha,3,0,home
mt_467511217,2026-08-04,comp_3498,tm_89295,AC Sparta Praha,tm_74434,Olympique Lyonnais,2,1,home
mt_252695517,2026-05-17,comp_0256,tm_74434,Olympique Lyonnais,tm_83394,RC Lens,0,4,away
mt_899632959,2026-08-29,comp_0256,tm_62226,Auxerre,tm_01158,Angers,1,3,away
mt_200853007,2026-08-22,comp_0256,tm_83394,RC Lens,tm_62226,Auxerre,5,2,home
mt_747925713,2026-05-10,comp_0256,tm_62226,Auxerre,tm_25567,Nice,2,1,home
mt_252720165,2026-05-03,comp_0256,tm_62226,Auxerre,tm_01158,Angers,3,1,home
mt_191615854,2026-04-25,comp_0256,tm_74434,Olympique Lyonnais,tm_62226,Auxerre,3,2,home
mt_252720153,2026-04-19,comp_0256,tm_58813,AS Monaco,tm_62226,Auxerre,2,2,draw
mt_010302581,2026-04-11,comp_0256,tm_62226,Auxerre,tm_36675,Nantes,0,0,draw
mt_644620513,2026-08-29,comp_0406,tm_51271,1. FC Nürnberg,tm_15059,Arminia Bielefeld,4,1,home
mt_511491442,2026-08-22,comp_3620,tm_00790,SG Sonnenhof Großaspach,tm_15059,Arminia Bielefeld,2,2,home
mt_377364258,2026-08-16,comp_0406,tm_15059,Arminia Bielefeld,tm_98178,Energie Cottbus,3,0,home
mt_466402190,2026-08-08,comp_0406,tm_51223,Karlsruher SC,tm_15059,Arminia Bielefeld,2,1,home
mt_979163736,2026-05-17,comp_0406,tm_15059,Arminia Bielefeld,tm_89548,Hertha BSC,6,1,home
mt_252691572,2026-05-08,comp_0406,tm_46190,1. FC Kaiserslautern,tm_15059,Arminia Bielefeld,2,0,home
mt_363804618,2026-05-02,comp_0406,tm_15059,Arminia Bielefeld,tm_98181,VfL Bochum 1848,1,1,draw
mt_626310232,2026-04-25,comp_0406,tm_15018,Preußen Münster,tm_15059,Arminia Bielefeld,2,3,away
mt_988973460,2026-08-30,comp_0406,tm_64315,FC St. Pauli,tm_46190,1. FC Kaiserslautern,1,2,away
mt_200710775,2026-08-23,comp_3620,tm_98124,Rot-Weiss Essen,tm_64315,FC St. Pauli,2,0,home
mt_899837620,2026-08-14,comp_0406,tm_51235,Holstein Kiel,tm_64315,FC St. Pauli,2,2,draw
mt_022015307,2026-08-09,comp_0406,tm_64315,FC St. Pauli,tm_20666,SpVgg Greuther Fürth,1,1,draw
mt_585279851,2026-05-16,comp_4643,tm_64315,FC St. Pauli,tm_02484,VfL Wolfsburg,1,3,away
mt_191037146,2026-05-09,comp_4643,tm_160814,RB Leipzig,tm_64315,FC St. Pauli,2,1,home
mt_626315681,2026-05-03,comp_4643,tm_64315,FC St. Pauli,tm_64398,1. FSV Mainz 05,1,2,away
mt_010489555,2026-04-25,comp_4643,tm_44984,1. FC Heidenheim,tm_64315,FC St. Pauli,2,0,home
mt_466402156,2026-08-30,comp_0406,tm_64302,Darmstadt 98,tm_20600,Hannover 96,0,1,away
mt_022352344,2026-08-22,comp_3620,tm_9218808,SV Hemelingen,tm_20600,Hannover 96,1,9,away
mt_200251721,2026-08-16,comp_0406,tm_20600,Hannover 96,tm_02484,VfL Wolfsburg,0,1,away
mt_988973299,2026-08-09,comp_0406,tm_98178,Energie Cottbus,tm_20600,Hannover 96,3,1,home
mt_747926406,2026-05-17,comp_0406,tm_20600,Hannover 96,tm_51271,1. FC Nürnberg,3,3,draw
mt_747926450,2026-05-09,comp_0406,tm_98181,VfL Bochum 1848,tm_20600,Hannover 96,1,1,draw
mt_585279846,2026-05-03,comp_0406,tm_20600,Hannover 96,tm_15018,Preußen Münster,3,3,draw
mt_191038956,2026-04-25,comp_0406,tm_51223,Karlsruher SC,tm_20600,Hannover 96,1,3,away
mt_899837646,2026-08-29,comp_0406,tm_51223,Karlsruher SC,tm_02484,VfL Wolfsburg,2,5,away
mt_644904956,2026-08-21,comp_3620,tm_15018,Preußen Münster,tm_51223,Karlsruher SC,1,2,away
mt_899837085,2026-08-15,comp_0406,tm_46190,1. FC Kaiserslautern,tm_51223,Karlsruher SC,0,0,draw
mt_838547366,2026-05-17,comp_0406,tm_51223,Karlsruher SC,tm_98181,VfL Bochum 1848,1,2,away
mt_838547300,2026-05-08,comp_0406,tm_20677,SC Paderborn 07,tm_51223,Karlsruher SC,2,2,draw
mt_252691561,2026-05-03,comp_0406,tm_51223,Karlsruher SC,tm_64302,Darmstadt 98,2,1,home
mt_466248016,2026-08-29,comp_8363,tm_52257,Shakhtar Donetsk,tm_6344902,Polissya Zhytomyr,0,2,away
mt_899684893,2026-07-29,comp_408698,tm_08959,FC København,tm_6344902,Polissya Zhytomyr,2,1,home
mt_899684584,2026-07-23,comp_408698,tm_6344902,Polissya Zhytomyr,tm_08959,FC København,3,3,draw
mt_404788705,2026-05-24,comp_8363,tm_6344902,Polissya Zhytomyr,tm_0207787,Rukh Lviv,2,0,home
mt_838500549,2026-05-18,comp_8363,tm_3161303,Zoria Luhansk,tm_6344902,Polissya Zhytomyr,0,0,draw
mt_644069253,2026-08-29,comp_8363,tm_4865740,Kudrivka,tm_9217317,FC Epicentr Dunaivtsi,0,3,away
mt_466248080,2026-08-15,comp_8363,tm_4865740,Kudrivka,tm_0128797,Obolon Kyiv,0,0,draw
mt_899780355,2026-08-08,comp_8363,tm_7052903,FC Livyi Bereh Kyiv,tm_4865740,Kudrivka,0,0,draw
mt_155816044,2026-08-03,comp_8363,tm_52257,Shakhtar Donetsk,tm_4865740,Kudrivka,5,1,home
mt_155607045,2026-06-09,comp_8363,tm_5193941,Ahrobiznes Volochysk,tm_4865740,Kudrivka,2,2,away
mt_733590914,2026-06-05,comp_8363,tm_4865740,Kudrivka,tm_5193941,Ahrobiznes Volochysk,0,0,draw
mt_626399322,2026-05-24,comp_8363,tm_47720,Dynamo Kyiv,tm_4865740,Kudrivka,3,2,home
mt_979947803,2026-05-18,comp_8363,tm_4865740,Kudrivka,tm_3847085,LNZ Cherkasy,1,0,home
mt_460547957,2026-08-28,comp_1085,tm_25816,Náutico,tm_4820525,Athletic Club,2,1,home
mt_734273770,2026-08-23,comp_1085,tm_051841,São Bernardo,tm_25816,Náutico,1,1,draw
mt_460546440,2026-08-19,comp_1085,tm_25816,Náutico,tm_25880,Ceará,1,0,home
mt_893489869,2026-08-14,comp_1085,tm_74046,Ponte Preta,tm_25816,Náutico,1,1,draw
mt_460546419,2026-08-09,comp_1085,tm_25816,Náutico,tm_088719,Atlético Goianiense,1,1,draw
mt_021802045,2026-07-26,comp_1085,tm_01944,Criciúma,tm_25816,Náutico,0,0,draw
mt_460546462,2026-07-23,comp_1085,tm_25816,Náutico,tm_97494,Londrina,2,1,home
mt_642164620,2026-07-16,comp_1085,tm_988700,CRB,tm_25816,Náutico,2,1,home
mt_893485226,2026-08-29,comp_1085,tm_74037,Botafogo-SP,tm_931189,Cuiabá,1,2,away
mt_518752667,2026-08-25,comp_1085,tm_088719,Atlético Goianiense,tm_74037,Botafogo-SP,3,0,home
mt_893489875,2026-08-20,comp_1085,tm_74037,Botafogo-SP,tm_01944,Criciúma,1,1,draw
mt_734273709,2026-08-14,comp_1085,tm_051841,São Bernardo,tm_74037,Botafogo-SP,0,1,away
mt_893489803,2026-08-08,comp_1085,tm_74037,Botafogo-SP,tm_58318,América Mineiro,2,1,home
mt_987698912,2026-07-29,comp_1085,tm_19710,Fortaleza,tm_74037,Botafogo-SP,1,0,home
mt_893489892,2026-07-24,comp_1085,tm_74037,Botafogo-SP,tm_19704,Juventude,4,2,home
mt_205920255,2026-07-18,comp_1085,tm_97494,Londrina,tm_74037,Botafogo-SP,0,0,draw
mt_643326094,2026-08-26,comp_364464,tm_8988575,Estudiantes de La Plata Reserve,tm_8524094,Boca Juniors Reserve,2,3,away
mt_206652161,2026-08-20,comp_364464,tm_8524094,Boca Juniors Reserve,tm_5425379,Central Cordoba Reserve,0,1,away
mt_739940732,2026-08-12,comp_364464,tm_8520572,San Martin Reserve,tm_8524094,Boca Juniors Reserve,0,0,draw
mt_022055025,2026-08-04,comp_364464,tm_8524094,Boca Juniors Reserve,tm_8679089,Independiente Rivadavia De Mendoza Reserve,1,0,home
mt_899877894,2026-07-28,comp_364464,tm_8524094,Boca Juniors Reserve,tm_5275772,Belgrano Reserve,4,0,home
mt_466422402,2026-07-22,comp_364464,tm_8556748,CD Riestra Reserve,tm_8524094,Boca Juniors Reserve,1,1,draw
mt_377358752,2026-07-05,comp_364464,tm_8524094,Boca Juniors Reserve,tm_5266922,River Plate Reserve,0,0,away
mt_988362363,2026-06-28,comp_364464,tm_8524094,Boca Juniors Reserve,tm_5288423,Atlético Tucumán Reserve,3,0,home
mt_378863418,2026-08-26,comp_364464,tm_7914775,Quilmes Reserve,tm_3855474,CA Independiente Reserve,1,2,away
mt_643326032,2026-08-19,comp_364464,tm_3870785,Atletico Rafaela Reserve,tm_7914775,Quilmes Reserve,1,0,home
mt_512285915,2026-08-13,comp_364464,tm_7914775,Quilmes Reserve,tm_6383443,Platense Reserve,1,0,home
mt_155188100,2026-08-05,comp_364464,tm_7914775,Quilmes Reserve,tm_0417101,Colón Reserve,1,1,draw
mt_467969262,2026-07-23,comp_364464,tm_8988575,Estudiantes de La Plata Reserve,tm_7914775,Quilmes Reserve,1,1,draw
mt_377344303,2026-07-13,comp_364464,tm_7914775,Quilmes Reserve,tm_5425379,Central Cordoba Reserve,1,0,home
mt_987061896,2026-06-18,comp_364464,tm_7914775,Quilmes Reserve,tm_8520572,San Martin Reserve,6,1,home
mt_893245905,2026-06-08,comp_364464,tm_8679089,Independiente Rivadavia De Mendoza Reserve,tm_7914775,Quilmes Reserve,2,0,home
mt_893457086,2026-08-30,comp_1917,tm_42524,Emelec,tm_0938378,Leones del Norte,2,1,home
mt_642130904,2026-08-22,comp_1917,tm_0938378,Leones del Norte,tm_536213,Independiente del Valle,2,3,away
mt_987613249,2026-08-15,comp_1917,tm_279303,Manta FC,tm_0938378,Leones del Norte,0,2,away
mt_021845397,2026-08-08,comp_1917,tm_76264,Aucas,tm_0938378,Leones del Norte,3,0,home
mt_734296593,2026-08-02,comp_1917,tm_0938378,Leones del Norte,tm_18385,Barcelona SC,1,1,draw
mt_893457053,2026-07-26,comp_1917,tm_8900250,Delfín,tm_0938378,Leones del Norte,0,1,away
mt_518729484,2026-07-23,comp_1917,tm_0938378,Leones del Norte,tm_1538405,Guayaquil City,1,1,draw
mt_899704085,2026-07-18,comp_1917,tm_34030,LDU,tm_0938378,Leones del Norte,0,1,away
mt_021845301,2026-08-30,comp_1917,tm_4710105,Orense SC,tm_22531,Macará,1,2,away
mt_159308688,2026-08-23,comp_1917,tm_18385,Barcelona SC,tm_4710105,Orense SC,3,0,home
mt_159308677,2026-08-16,comp_1917,tm_4710105,Orense SC,tm_21916,Deportivo Cuenca,2,0,home
mt_518729445,2026-08-09,comp_1917,tm_8900250,Delfín,tm_4710105,Orense SC,1,1,draw
mt_460572889,2026-08-01,comp_1917,tm_3225123,Libertad,tm_4710105,Orense SC,3,0,home
mt_518729413,2026-07-26,comp_1917,tm_4710105,Orense SC,tm_536213,Independiente del Valle,2,3,away
mt_899704592,2026-07-23,comp_1917,tm_4710105,Orense SC,tm_76264,Aucas,2,1,home
mt_733652932,2026-07-20,comp_1917,tm_6229144,Mushuc Runa,tm_4710105,Orense SC,2,1,home
mt_511947921,2026-08-29,comp_720692,tm_1306654,Jaguares de Córdoba,tm_99880,América de Cali,2,2,draw
mt_733652637,2026-08-26,comp_720692,tm_99880,América de Cali,tm_44666,Junior Barranquilla,4,2,home
mt_899704736,2026-08-22,comp_720692,tm_66439,Independiente Santa Fe,tm_99880,América de Cali,0,0,draw
mt_377410457,2026-08-10,comp_720692,tm_99880,América de Cali,tm_66443,Atlético Nacional,1,0,home
mt_988326493,2026-08-06,comp_720692,tm_88957,Once Caldas,tm_99880,América de Cali,0,1,away
mt_022538950,2026-08-02,comp_720692,tm_99880,América de Cali,tm_33771,Boyacá Chicó FC,7,0,home
mt_511947333,2026-07-26,comp_720692,tm_01894209,Internacional de Bogotá,tm_99880,América de Cali,0,2,away
mt_460259765,2026-05-29,comp_1615,tm_99880,América de Cali,tm_22531,Macará,0,0,draw
mt_466285278,2026-08-30,comp_720692,tm_7797547,Alianza Valledupar FC,tm_66443,Atlético Nacional,1,5,away
mt_899704830,2026-08-26,comp_720692,tm_88996,Cúcuta Deportivo,tm_7797547,Alianza Valledupar FC,1,0,home
mt_022538522,2026-08-22,comp_720692,tm_7797547,Alianza Valledupar FC,tm_77336,Deportivo Pereira,0,0,draw
mt_988326309,2026-08-09,comp_720692,tm_7797547,Alianza Valledupar FC,tm_55117,Atlético Bucaramanga,2,3,away
mt_155863780,2026-08-01,comp_720692,tm_7797547,Alianza Valledupar FC,tm_22063,Deportes Tolima,1,2,away
mt_466285114,2026-07-26,comp_720692,tm_7797547,Alianza Valledupar FC,tm_8450037,Fortaleza CEIF,1,1,draw
mt_155953808,2026-05-03,comp_720692,tm_7797547,Alianza Valledupar FC,tm_33782,Millonarios,2,2,draw
mt_370354668,2026-04-26,comp_720692,tm_0843324,Llaneros FC,tm_7797547,Alianza Valledupar FC,0,0,draw
mt_200671083,2026-06-06,comp_29906,tm_3102845,Olympique Akbou,tm_0112748,ES Ben Aknoun,1,1,draw
mt_988879776,2026-05-19,comp_29906,tm_654689,USM Alger,tm_3102845,Olympique Akbou,1,0,home
mt_155913930,2026-05-08,comp_29906,tm_3102845,Olympique Akbou,tm_327352,CR Belouizdad,0,1,away
mt_377024381,2026-04-28,comp_29906,tm_092072,MC Alger,tm_3102845,Olympique Akbou,2,1,home
mt_155461748,2026-04-22,comp_29906,tm_3102845,Olympique Akbou,tm_948906,JS Kabylie,1,1,draw
mt_022797803,2026-04-17,comp_29906,tm_280233,ASO Chlef,tm_3102845,Olympique Akbou,1,0,home
mt_518555635,2026-04-11,comp_29906,tm_3102845,Olympique Akbou,tm_654239,ES Sétif,1,0,home
mt_021590719,2026-04-03,comp_29906,tm_5261666,MB Rouissat,tm_3102845,Olympique Akbou,1,1,draw
mt_739947643,2026-08-27,comp_364464,tm_4644725,Tigre Reserve,tm_5313385,Gimnasia y Esgrima Mendoza Reserve,1,3,away
mt_150091835,2026-08-20,comp_364464,tm_5313385,Gimnasia y Esgrima Mendoza Reserve,tm_3733847,San Lorenzo Reserve,1,0,home
mt_739940717,2026-08-11,comp_364464,tm_7944113,Vélez Sarsfield Reserve,tm_5313385,Gimnasia y Esgrima Mendoza Reserve,2,0,home
mt_200211295,2026-08-04,comp_364464,tm_5313385,Gimnasia y Esgrima Mendoza Reserve,tm_5266922,River Plate Reserve,1,2,away
mt_377344354,2026-07-23,comp_364464,tm_2022688,Racing Reserve,tm_5313385,Gimnasia y Esgrima Mendoza Reserve,2,3,away
mt_988934060,2026-07-13,comp_364464,tm_5313385,Gimnasia y Esgrima Mendoza Reserve,tm_7931630,Sarmiento Reserve,0,1,away
mt_893245960,2026-06-17,comp_364464,tm_5313385,Gimnasia y Esgrima Mendoza Reserve,tm_1049678,Argentinos Juniors Reserve,2,1,home
mt_205396068,2026-06-09,comp_364464,tm_1049117,Aldosivi Reserve,tm_5313385,Gimnasia y Esgrima Mendoza Reserve,1,0,home
mt_512285989,2026-08-27,comp_364464,tm_5155235,Rosario Central Reserve,tm_8522268,Barracas Central Reserve,2,2,draw
mt_739947624,2026-08-19,comp_364464,tm_6322209,Talleres de Córdoba Reserve,tm_5155235,Rosario Central Reserve,2,2,draw
mt_512283582,2026-08-12,comp_364464,tm_5155235,Rosario Central Reserve,tm_0474380,Banfield Reserve,1,0,home
mt_022055083,2026-08-06,comp_364464,tm_5155235,Rosario Central Reserve,tm_0958411,Instituto AC Cordoba Reserves,2,2,draw
mt_511599561,2026-07-22,comp_364464,tm_4644725,Tigre Reserve,tm_5155235,Rosario Central Reserve,1,3,away
mt_377342558,2026-07-14,comp_364464,tm_5155235,Rosario Central Reserve,tm_3733847,San Lorenzo Reserve,0,0,draw
mt_518672197,2026-06-17,comp_364464,tm_5155235,Rosario Central Reserve,tm_7944113,Vélez Sarsfield Reserve,0,4,away
mt_159430506,2026-06-09,comp_364464,tm_5266922,River Plate Reserve,tm_5155235,Rosario Central Reserve,2,1,home
mt_981179362,2026-08-20,comp_364464,tm_8522268,Barracas Central Reserve,tm_4644725,Tigre Reserve,1,3,away
mt_895538722,2026-08-13,comp_364464,tm_3733847,San Lorenzo Reserve,tm_8522268,Barracas Central Reserve,1,0,home
mt_466422451,2026-08-07,comp_364464,tm_8522268,Barracas Central Reserve,tm_7944113,Vélez Sarsfield Reserve,0,0,draw
mt_733766677,2026-07-30,comp_364464,tm_8522268,Barracas Central Reserve,tm_2022688,Racing Reserve,1,1,draw
mt_644600685,2026-07-22,comp_364464,tm_5266922,River Plate Reserve,tm_8522268,Barracas Central Reserve,4,0,home
mt_734129300,2026-06-19,comp_364464,tm_8522268,Barracas Central Reserve,tm_7931630,Sarmiento Reserve,0,0,draw
mt_518672125,2026-06-10,comp_364464,tm_1049678,Argentinos Juniors Reserve,tm_8522268,Barracas Central Reserve,3,1,home
mt_512285973,2026-08-26,comp_364464,tm_0474380,Banfield Reserve,tm_6322209,Talleres de Córdoba Reserve,1,1,draw
mt_467704292,2026-08-19,comp_364464,tm_0474380,Banfield Reserve,tm_0958411,Instituto AC Cordoba Reserves,2,3,away
mt_733766721,2026-08-04,comp_364464,tm_0474380,Banfield Reserve,tm_4644725,Tigre Reserve,1,1,draw
mt_644600069,2026-07-27,comp_364464,tm_0474380,Banfield Reserve,tm_7944113,Vélez Sarsfield Reserve,1,0,home
mt_987061830,2026-06-17,comp_364464,tm_0474380,Banfield Reserve,tm_5266922,River Plate Reserve,0,1,away
mt_987061813,2026-06-08,comp_364464,tm_2022688,Racing Reserve,tm_0474380,Banfield Reserve,1,2,away
mt_376508770,2026-06-02,comp_364464,tm_0474380,Banfield Reserve,tm_7931630,Sarmiento Reserve,2,1,home
mt_643299483,2026-08-29,comp_45025,tm_803264,Al-Ettifaq,tm_08347503,Al-Diraiyah Club,0,3,away
mt_378611626,2026-08-26,comp_45025,tm_08347503,Al-Diraiyah Club,tm_7951491,Al-Kholood,1,1,draw
mt_981722712,2026-08-21,comp_45025,tm_6209912,Al-Hazem,tm_08347503,Al-Diraiyah Club,0,1,away
mt_644928302,2026-08-18,comp_83796,tm_08347503,Al-Diraiyah Club,tm_156414,Al-Nassr,1,4,away
mt_150966959,2026-08-13,comp_45025,tm_08347503,Al-Diraiyah Club,tm_754497,Al-Ahli,0,1,away
mt_739455316,2026-08-30,comp_45025,tm_338426,Al-Qadsiah,tm_447225,Al-Faisaly,3,1,home
mt_150966960,2026-08-24,comp_45025,tm_2221233,Neom SC,tm_338426,Al-Qadsiah,0,2,away
mt_467088074,2026-08-21,comp_45025,tm_338426,Al-Qadsiah,tm_480982,Al-Ittihad,0,1,away
mt_511486256,2026-08-17,comp_83796,tm_9732194,Al Tai,tm_338426,Al-Qadsiah,0,5,away
mt_739455432,2026-08-13,comp_45025,tm_548644,Al-Shabab,tm_338426,Al-Qadsiah,1,3,away
mt_516973943,2026-05-21,comp_45025,tm_480982,Al-Ittihad,tm_338426,Al-Qadsiah,1,5,away
mt_469251272,2026-05-14,comp_45025,tm_338426,Al-Qadsiah,tm_6209912,Al-Hazem,2,0,home
mt_980361697,2026-05-09,comp_45025,tm_0153318,Al-Fayha,tm_338426,Al-Qadsiah,1,2,away
mt_899064403,2026-08-31,comp_7938,tm_08959,FC København,tm_45144,Sønderjyske Fodbold,3,1,home
mt_739557506,2026-08-27,comp_408698,tm_08959,FC København,tm_37522,Inter Turku,4,1,home
mt_155673305,2026-08-23,comp_7938,tm_84684,Viborg FF,tm_08959,FC København,4,0,home
mt_512265233,2026-08-20,comp_408698,tm_37522,Inter Turku,tm_08959,FC København,0,0,draw
mt_511437723,2026-08-16,comp_7938,tm_29137,Randers FC,tm_08959,FC København,0,4,away
mt_739267952,2026-08-12,comp_408698,tm_08959,FC København,tm_25786,Debreceni VSC,5,1,home
mt_024850412,2026-08-06,comp_408698,tm_25786,Debreceni VSC,tm_08959,FC København,0,3,away
mt_377120063,2026-08-02,comp_7938,tm_45122,Silkeborg IF,tm_08959,FC København,1,3,away
mt_200789977,2026-08-30,comp_7938,tm_96492,FC Nordsjælland,tm_29810,Brøndby IF,3,1,home
mt_512456581,2026-08-27,comp_408698,tm_98868,FC St. Gallen 1879,tm_96492,FC Nordsjælland,2,3,away
mt_988246612,2026-08-23,comp_7938,tm_45144,Sønderjyske Fodbold,tm_96492,FC Nordsjælland,0,3,away
mt_512265299,2026-08-20,comp_408698,tm_96492,FC Nordsjælland,tm_98868,FC St. Gallen 1879,1,0,home
mt_733502294,2026-08-16,comp_7938,tm_96492,FC Nordsjælland,tm_45122,Silkeborg IF,1,0,home
mt_895478564,2026-08-13,comp_408698,tm_96492,FC Nordsjælland,tm_74591,Valur Reykjavík,5,0,home
mt_378043874,2026-08-06,comp_408698,tm_74591,Valur Reykjavík,tm_96492,FC Nordsjælland,0,2,away
mt_466815558,2026-08-02,comp_7938,tm_96492,FC Nordsjælland,tm_29137,Randers FC,1,0,home
mt_644031668,2026-08-30,comp_3664,tm_374483,Kisvárda FC,tm_58433,ETO FC Győr,1,1,draw
mt_022548055,2026-08-23,comp_3664,tm_58433,ETO FC Győr,tm_97242,Zalaegerszegi TE,3,0,home
mt_377480345,2026-08-16,comp_3664,tm_25786,Debreceni VSC,tm_58433,ETO FC Győr,1,1,draw
mt_981639176,2026-08-13,comp_408698,tm_58433,ETO FC Győr,tm_8366658,Riga FC,1,1,draw
mt_512795277,2026-08-06,comp_408698,tm_8366658,Riga FC,tm_58433,ETO FC Győr,1,0,home
mt_899754862,2026-08-02,comp_3664,tm_58433,ETO FC Győr,tm_05712,Nyiregyháza Spartacus,4,0,home
mt_200213225,2026-07-30,comp_408698,tm_58433,ETO FC Győr,tm_757932,Atert Bissen,1,1,draw
mt_466275478,2026-07-26,comp_3664,tm_74504,Vasas,tm_58433,ETO FC Győr,2,2,draw
mt_155803110,2026-08-30,comp_3664,tm_646188,Puskás Akadémia,tm_40814,Ferencváros TC,1,2,away
mt_512154811,2026-08-27,comp_7739,tm_40814,Ferencváros TC,tm_26983,Trabzonspor,4,0,home
mt_150516954,2026-08-20,comp_7739,tm_26983,Trabzonspor,tm_40814,Ferencváros TC,0,1,away
mt_899754874,2026-08-17,comp_3664,tm_97242,Zalaegerszegi TE,tm_40814,Ferencváros TC,0,1,away
mt_378046131,2026-08-13,comp_7739,tm_10956,Górnik Zabrze,tm_40814,Ferencváros TC,1,1,draw
mt_024851402,2026-08-05,comp_7739,tm_40814,Ferencváros TC,tm_10956,Górnik Zabrze,1,0,home
mt_466275481,2026-08-02,comp_3664,tm_40814,Ferencváros TC,tm_74504,Vasas,0,0,draw
mt_988490126,2026-07-30,comp_7739,tm_40814,Ferencváros TC,tm_47976,FC Twente,2,2,draw
mt_988366189,2026-08-30,comp_6429,tm_21992,Hapoel Haifa,tm_60499,Hapoel Tel Aviv,0,0,draw
mt_024850443,2026-08-12,comp_408698,tm_91783,GKS Katowice,tm_60499,Hapoel Tel Aviv,2,1,home
mt_739267910,2026-08-06,comp_408698,tm_60499,Hapoel Tel Aviv,tm_91783,GKS Katowice,2,0,home
mt_155713150,2026-07-30,comp_408698,tm_177393,Ludogorets,tm_60499,Hapoel Tel Aviv,2,2,draw
mt_466145722,2026-07-23,comp_408698,tm_60499,Hapoel Tel Aviv,tm_177393,Ludogorets,2,0,home
mt_733219367,2026-05-23,comp_6429,tm_05811,Beitar Jerusalem,tm_60499,Hapoel Tel Aviv,1,1,draw
mt_511977226,2026-08-29,comp_6429,tm_05811,Beitar Jerusalem,tm_42687,Maccabi Netanya,1,4,away
mt_643106396,2026-08-13,comp_408698,tm_51679,Austria Wien,tm_05811,Beitar Jerusalem,1,2,home
mt_739267991,2026-08-06,comp_408698,tm_05811,Beitar Jerusalem,tm_51679,Austria Wien,1,2,away
mt_899684859,2026-07-30,comp_408698,tm_05811,Beitar Jerusalem,tm_04971,AEK Larnaca,2,3,draw
mt_511357253,2026-07-23,comp_408698,tm_04971,AEK Larnaca,tm_05811,Beitar Jerusalem,0,1,away
mt_733219911,2026-05-19,comp_6429,tm_76220,Hapoel Petach Tikva,tm_05811,Beitar Jerusalem,0,0,draw
mt_644183465,2026-05-16,comp_6429,tm_87440,Maccabi Tel Aviv,tm_05811,Beitar Jerusalem,1,2,away
mt_467114215,2026-08-29,comp_45001,tm_2738912,Mes Shahr Babak,tm_229721,Sanat Naft Abadan,0,0,draw
mt_981849808,2026-08-24,comp_45001,tm_808857,Zob Ahan,tm_2738912,Mes Shahr Babak,1,1,draw
mt_024290104,2026-08-19,comp_45001,tm_2738912,Mes Shahr Babak,tm_9123747,Kheybar Khorramabad FC,1,1,draw
mt_467614027,2026-08-14,comp_45001,tm_692896,Esteghlal FC,tm_2738912,Mes Shahr Babak,4,0,home
mt_981648102,2026-08-28,comp_45551,tm_533537,Al-Ahli Doha,tm_2786961,Lusail SC,3,3,draw
mt_895469524,2026-08-22,comp_45551,tm_536229,Al-Sadd,tm_533537,Al-Ahli Doha,3,1,home
mt_159599634,2026-04-27,comp_45551,tm_101634,Umm-Salal SC,tm_533537,Al-Ahli Doha,1,3,away
mt_987097249,2026-04-22,comp_8833,tm_156414,Al-Nassr,tm_533537,Al-Ahli Doha,5,1,home
mt_893655237,2026-04-19,comp_8833,tm_533537,Al-Ahli Doha,tm_0805909,Al Hussein Irbid,3,1,home
mt_205055733,2026-04-08,comp_45551,tm_533537,Al-Ahli Doha,tm_288272,Al Duhail,2,1,home
mt_205055612,2026-04-03,comp_45551,tm_533537,Al-Ahli Doha,tm_700750,Al-Sailiya,2,2,draw
mt_460600720,2026-03-18,comp_45551,tm_927021,Al-Gharafa,tm_533537,Al-Ahli Doha,1,4,away
mt_512731263,2026-08-28,comp_45551,tm_020402,Qatar SC,tm_536229,Al-Sadd,2,6,away
mt_467516642,2026-08-20,comp_45551,tm_177168,Al-Wakrah,tm_020402,Qatar SC,2,2,draw
mt_734344517,2026-04-27,comp_45551,tm_020402,Qatar SC,tm_288272,Al Duhail,1,2,away
mt_021554841,2026-04-13,comp_45551,tm_6206529,Al Shamal SC,tm_020402,Qatar SC,3,0,away
mt_642422363,2026-04-08,comp_45551,tm_099091,Al-Arabi SC,tm_020402,Qatar SC,1,1,draw
mt_460454754,2026-04-03,comp_45551,tm_020402,Qatar SC,tm_177168,Al-Wakrah,1,4,home
mt_893933570,2026-03-18,comp_45551,tm_101634,Umm-Salal SC,tm_020402,Qatar SC,0,0,draw
mt_987148242,2026-03-12,comp_45551,tm_020402,Qatar SC,tm_927021,Al-Gharafa,2,0,home
mt_739143536,2026-08-30,comp_8448,tm_1004400,Esenler Erokspor,tm_0938324,Iğdır FK,0,1,away
mt_024712318,2026-08-22,comp_8448,tm_0938324,Iğdır FK,tm_91698,Kayserispor,0,1,away
mt_512681432,2026-08-15,comp_8448,tm_47517,Bursaspor,tm_0938324,Iğdır FK,1,0,home
mt_643824939,2026-08-09,comp_8448,tm_0938324,Iğdır FK,tm_09584,Fatih Karagümrük,2,0,home
mt_626946915,2026-05-02,comp_8448,tm_0938324,Iğdır FK,tm_2066285,Amed Sportif Faaliyetler,3,3,draw
mt_010320372,2026-04-26,comp_8448,tm_63160,Sivasspor,tm_0938324,Iğdır FK,2,1,home
mt_626946363,2026-04-19,comp_8448,tm_0938324,Iğdır FK,tm_960238,Pendikspor,1,1,draw
mt_626946304,2026-04-12,comp_8448,tm_26557,Adana Demirspor,tm_0938324,Iğdır FK,1,6,away
mt_512681428,2026-08-30,comp_8448,tm_2001772,Manisa FK,tm_1558668,Bodrum FK,0,0,draw
mt_206350752,2026-08-24,comp_8448,tm_63160,Sivasspor,tm_2001772,Manisa FK,2,2,draw
mt_739143501,2026-08-15,comp_8448,tm_2001772,Manisa FK,tm_157164,Van Spor Futbol Kulübü,4,1,home
mt_206350763,2026-08-07,comp_8448,tm_00589,Boluspor,tm_2001772,Manisa FK,1,2,away
mt_585415471,2026-05-01,comp_8448,tm_2001772,Manisa FK,tm_10949,Sakaryaspor,5,0,home
mt_626935462,2026-04-26,comp_8448,tm_66594,Keçiörengücü,tm_2001772,Manisa FK,2,1,home
mt_191651011,2026-04-19,comp_8448,tm_2001772,Manisa FK,tm_9207198,Serik Belediyespor,1,0,home
mt_252702681,2026-04-12,comp_8448,tm_157164,Van Spor Futbol Kulübü,tm_2001772,Manisa FK,0,1,away
mt_517393929,2026-08-23,comp_970794,tm_5298347,Corpus Christi FC,tm_96946260,Westchester SC,2,2,draw
mt_209818167,2026-08-20,comp_970794,tm_5298347,Corpus Christi FC,tm_557528,New York Cosmos,0,2,away
mt_370242480,2026-08-16,comp_970794,tm_0043708,Spokane Velocity FC,tm_5298347,Corpus Christi FC,2,3,away
mt_732060634,2026-08-08,comp_970794,tm_45415856,Portland Hearts of Pine,tm_5298347,Corpus Christi FC,0,2,away
mt_209818150,2026-08-02,comp_970794,tm_01833332,AC Boise,tm_5298347,Corpus Christi FC,0,0,draw
mt_028959574,2026-07-26,comp_970794,tm_5298347,Corpus Christi FC,tm_5484936,Greenville Triumph SC,1,0,home
mt_209818823,2026-07-18,comp_970794,tm_557528,New York Cosmos,tm_5298347,Corpus Christi FC,0,0,draw
mt_894676660,2026-07-04,comp_970794,tm_5298347,Corpus Christi FC,tm_2757171,Chattanooga Red Wolves SC,2,1,home
mt_205552685,2026-03-17,comp_4159,tm_3861118,South Georgia Tormenta FC,tm_1166348,FC America CFL Spurs,0,1,away
mt_894446759,2025-11-03,comp_970794,tm_0043708,Spokane Velocity FC,tm_3861118,South Georgia Tormenta FC,0,0,home
mt_583595236,2025-10-25,comp_970794,tm_3861118,South Georgia Tormenta FC,tm_08098381,Texoma FC,3,0,home
mt_583595225,2025-10-18,comp_970794,tm_5484936,Greenville Triumph SC,tm_3861118,South Georgia Tormenta FC,1,4,away
mt_362343886,2025-10-12,comp_970794,tm_0043708,Spokane Velocity FC,tm_3861118,South Georgia Tormenta FC,1,1,draw
mt_401424704,2025-10-03,comp_970794,tm_3861118,South Georgia Tormenta FC,tm_96946260,Westchester SC,3,1,home
mt_197181095,2025-09-27,comp_970794,tm_3861118,South Georgia Tormenta FC,tm_207803,Richmond Kickers,4,2,home
mt_362343853,2025-09-21,comp_970794,tm_57537477,AV Alta FC,tm_3861118,South Georgia Tormenta FC,0,3,away
mt_150091871,2026-09-03,comp_364464,tm_8524094,Boca Juniors Reserve,tm_7914775,Quilmes Reserve,1,0,home
mt_642130589,2026-09-03,comp_1917,tm_0938378,Leones del Norte,tm_4710105,Orense SC,1,0,home
mt_899704762,2026-09-03,comp_720692,tm_99880,América de Cali,tm_7797547,Alianza Valledupar FC,3,0,home
mt_739674937,2026-09-03,comp_29906,tm_2181393,JS El Biar,tm_3102845,Olympique Akbou,0,2,away
mt_150755148,2026-09-03,comp_8525,tm_73052,Cagliari,tm_20809,Hellas Verona,1,2,away
mt_155144188,2026-09-03,comp_8814,tm_02555,Real Sociedad,tm_20116,Celta Vigo,0,0,draw
mt_205961833,2026-09-03,comp_1917,tm_988090,Universidad Católica del Ecuador,tm_76264,Aucas,1,1,draw
mt_022575474,2026-09-03,comp_6387,tm_02173,Hibernian,tm_51862,Heart of Midlothian,1,3,away
mt_466109610,2026-09-03,comp_0256,tm_25581,Toulouse,tm_58884,Lille,0,1,away
mt_467108464,2026-09-03,comp_8531,tm_51594,KAA Gent,tm_85223,Oud-Heverlee Leuven,1,0,home
mt_981233168,2026-09-03,comp_9711,tm_26561,Lech Poznań,tm_299627,Jagiellonia Białystok,2,1,home
mt_150510657,2026-09-03,comp_8531,tm_15189,RSC Anderlecht,tm_86087,KV Kortrijk,1,0,home
mt_377455265,2026-09-03,comp_4084,tm_20012,Basel,tm_98871,FC Sion,1,2,away
mt_466299152,2026-09-03,comp_4084,tm_51172,FC Lugano,tm_89932,Servette FC,1,0,home
mt_895775250,2026-09-03,comp_29906,tm_654239,ES Sétif,tm_0112748,ES Ben Aknoun,0,1,away
mt_206173686,2026-09-03,comp_4781,tm_85528,Panathinaikos,tm_21299,Niki Volou,1,0,home
mt_739947606,2026-09-03,comp_364464,tm_3852673,Defensa y Justicia Reserve,tm_8679089,Independiente Rivadavia De Mendoza Reserve,4,0,home
mt_895538766,2026-09-03,comp_364464,tm_7377965,Huracán Reserve,tm_5425379,Central Cordoba Reserve,5,1,home
mt_739947639,2026-09-03,comp_364464,tm_5313385,Gimnasia y Esgrima Mendoza Reserve,tm_5155235,Rosario Central Reserve,1,2,away
mt_467704269,2026-09-03,comp_364464,tm_8522268,Barracas Central Reserve,tm_0474380,Banfield Reserve,0,2,away
mt_512844178,2026-09-03,comp_45025,tm_08347503,Al-Diraiyah Club,tm_338426,Al-Qadsiah,0,2,away
mt_644951146,2026-09-03,comp_7938,tm_08959,FC København,tm_96492,FC Nordsjælland,2,0,home
mt_981379470,2026-09-03,comp_3664,tm_58433,ETO FC Győr,tm_40814,Ferencváros TC,0,3,away
mt_200199708,2026-09-03,comp_6429,tm_60499,Hapoel Tel Aviv,tm_05811,Beitar Jerusalem,3,0,home
mt_512228244,2026-09-03,comp_84287,tm_134098,Al Ahly FC,tm_534391,Smouha,1,0,home
mt_739165512,2026-09-03,comp_61634,tm_8382207,Rækker Mølle Kfum,tm_1311586,HØJ Elitehåndbold,37,34,home
mt_150495689,2026-09-03,comp_8448,tm_1558668,Bodrum FK,tm_1004400,Esenler Erokspor,0,0,draw
mt_467906888,2026-09-03,comp_8448,tm_47517,Bursaspor,tm_63105,İstanbulspor,4,0,home
mt_200707552,2026-09-03,comp_1002,tm_58267,Mjällby AIF,tm_74309,Djurgårdens IF,0,2,away
mt_981722866,2026-09-03,comp_45025,tm_2221233,Neom SC,tm_8375958,Al-Khaleej,3,0,home
mt_988346062,2026-09-03,comp_2999,tm_46580,Dynamo Moscow,tm_21309,Akhmat Grozny,3,0,home
mt_895469543,2026-09-03,comp_45551,tm_700750,Al-Sailiya,tm_099091,Al-Arabi SC,0,2,away
mt_378462004,2026-09-03,comp_8525,tm_46171,Palermo,tm_15838,Mantova,5,2,home
mt_739917963,2026-09-03,comp_451094,tm_942996,VfB Stuttgart U19,tm_62158194,SGV Freiberg Fussball U19,3,2,home
mt_022910911,2026-09-03,comp_9711,tm_809996,Raków Częstochowa,tm_10956,Górnik Zabrze,1,2,away
mt_206577093,2026-09-03,comp_45025,tm_0153318,Al-Fayha,tm_7951491,Al-Kholood,2,2,draw
mt_024990501,2026-09-03,comp_45001,tm_330201,Fajr Sepasi FC,tm_2738912,Mes Shahr Babak,1,1,draw
mt_378027800,2026-09-03,comp_45551,tm_533537,Al-Ahli Doha,tm_020402,Qatar SC,1,0,home
mt_512681441,2026-09-03,comp_8448,tm_0938324,Iğdır FK,tm_2001772,Manisa FK,4,2,home
mt_159315118,2026-08-24,comp_1085,tm_4820525,Athletic Club,tm_0113078,Novorizontino,1,4,away
mt_159315187,2026-08-20,comp_1085,tm_4820525,Athletic Club,tm_988700,CRB,0,2,away
mt_159315176,2026-08-16,comp_1085,tm_58318,América Mineiro,tm_4820525,Athletic Club,1,3,away
mt_159315160,2026-08-09,comp_1085,tm_4820525,Athletic Club,tm_01944,Criciúma,2,0,home
mt_893489854,2026-07-28,comp_1085,tm_74046,Ponte Preta,tm_4820525,Athletic Club,1,1,draw
mt_159315159,2026-07-23,comp_1085,tm_4820525,Athletic Club,tm_051841,São Bernardo,2,1,home
mt_518751582,2026-07-18,comp_1085,tm_088719,Atlético Goianiense,tm_4820525,Athletic Club,0,0,draw
mt_376038502,2026-08-30,comp_1085,tm_25827,Vila Nova FC,tm_25880,Ceará,2,0,home
mt_205920222,2026-08-23,comp_1085,tm_097215,Operário-PR,tm_25827,Vila Nova FC,0,0,draw
mt_376037338,2026-08-19,comp_1085,tm_25827,Vila Nova FC,tm_74046,Ponte Preta,6,0,home
mt_518751535,2026-08-15,comp_1085,tm_088719,Atlético Goianiense,tm_25827,Vila Nova FC,0,2,away
mt_376037326,2026-08-08,comp_1085,tm_25827,Vila Nova FC,tm_74020,Sport Recife,0,1,away
mt_642164698,2026-07-27,comp_1085,tm_988700,CRB,tm_25827,Vila Nova FC,2,0,home
mt_376037385,2026-07-22,comp_1085,tm_25827,Vila Nova FC,tm_19710,Fortaleza,2,1,home
mt_021802013,2026-07-18,comp_1085,tm_01944,Criciúma,tm_25827,Vila Nova FC,2,0,home
mt_153788375,2026-08-30,comp_586859,tm_9277942,El Paso Locomotive FC,tm_7543522,Loudoun United FC,4,1,home
mt_209811970,2026-08-22,comp_586859,tm_7543522,Loudoun United FC,tm_2755286,New Mexico United,0,0,draw
mt_517399711,2026-08-15,comp_586859,tm_9131310,Detroit City FC,tm_7543522,Loudoun United FC,0,0,draw
mt_465122507,2026-08-08,comp_586859,tm_7543522,Loudoun United FC,tm_022830,Charleston Battery,0,1,away
mt_517399777,2026-08-01,comp_586859,tm_7543522,Loudoun United FC,tm_8039042,Hartford Athletic,2,0,home
mt_986433099,2026-07-25,comp_586859,tm_9714884,Indy Eleven,tm_7543522,Loudoun United FC,0,1,away
mt_370244546,2026-07-18,comp_586859,tm_7543522,Loudoun United FC,tm_327540,FC Tampa Bay Rowdies,1,1,draw
mt_465122972,2026-07-03,comp_586859,tm_7543522,Loudoun United FC,tm_97076368,SC Jacksonville,2,2,draw
mt_517399733,2026-08-29,comp_586859,tm_3440322,Lexington SC,tm_4669045,Colorado Springs Switchbacks FC,0,1,away
mt_153788369,2026-08-23,comp_586859,tm_4669045,Colorado Springs Switchbacks FC,tm_9277942,El Paso Locomotive FC,0,1,away
mt_465122571,2026-08-20,comp_586859,tm_8305354,Phoenix Rising FC,tm_4669045,Colorado Springs Switchbacks FC,3,1,home
mt_465122568,2026-08-16,comp_586859,tm_4669045,Colorado Springs Switchbacks FC,tm_3167153,Birmingham Legion FC,3,2,home
mt_209811909,2026-08-08,comp_586859,tm_4478940,Rhode Island FC,tm_4669045,Colorado Springs Switchbacks FC,2,0,home
mt_986433660,2026-08-02,comp_586859,tm_2755286,New Mexico United,tm_4669045,Colorado Springs Switchbacks FC,1,0,home
mt_986433033,2026-07-26,comp_586859,tm_4669045,Colorado Springs Switchbacks FC,tm_022830,Charleston Battery,2,1,home
mt_894677279,2026-07-23,comp_586859,tm_4669045,Colorado Springs Switchbacks FC,tm_6452158,Miami FC,2,0,home
mt_377128511,2026-08-29,comp_6981,tm_0842433,Universidad Técnica de Cajamarca,tm_46575,Universitario,2,4,away
mt_377128588,2026-08-22,comp_6981,tm_0842433,Universidad Técnica de Cajamarca,tm_7355123,Comerciantes Unidos,1,3,away
mt_022394748,2026-08-16,comp_6981,tm_20961,Alianza Lima,tm_0842433,Universidad Técnica de Cajamarca,1,0,home
mt_899065295,2026-08-08,comp_6981,tm_0842433,Universidad Técnica de Cajamarca,tm_3120620,Asociación Deportiva Tarma,1,1,draw
mt_511432685,2026-08-01,comp_6981,tm_1347030,Cusco FC,tm_0842433,Universidad Técnica de Cajamarca,4,1,home
mt_200786666,2026-07-26,comp_6981,tm_0842433,Universidad Técnica de Cajamarca,tm_8894258,CD Moquegua,0,0,draw
mt_022394429,2026-07-18,comp_6981,tm_8572044,Club Atlético Grau,tm_0842433,Universidad Técnica de Cajamarca,3,1,home
mt_644436052,2026-05-31,comp_6981,tm_0414711,Los Chankas CYC,tm_0842433,Universidad Técnica de Cajamarca,2,2,draw
mt_511249138,2026-06-05,comp_29906,tm_948906,JS Kabylie,tm_327352,CR Belouizdad,0,0,draw
mt_511185888,2026-05-20,comp_29906,tm_280233,ASO Chlef,tm_948906,JS Kabylie,1,2,away
mt_466045009,2026-05-08,comp_29906,tm_948906,JS Kabylie,tm_654239,ES Sétif,5,1,home
mt_644150633,2026-04-29,comp_29906,tm_948906,JS Kabylie,tm_281879,MC Oran,1,2,away
mt_155474831,2026-04-17,comp_29906,tm_5261666,MB Rouissat,tm_948906,JS Kabylie,1,1,draw
mt_987999043,2026-04-10,comp_29906,tm_948906,JS Kabylie,tm_551599,CS Constantine,2,2,draw
mt_987324402,2026-04-05,comp_29906,tm_6224859,MC El Bayadh,tm_948906,JS Kabylie,1,1,draw
mt_899507967,2026-06-05,comp_29906,tm_0472778,USM Khenchela,tm_5261666,MB Rouissat,1,0,home
mt_988111664,2026-05-30,comp_29906,tm_5261666,MB Rouissat,tm_654689,USM Alger,1,0,home
mt_644442012,2026-05-19,comp_29906,tm_5261666,MB Rouissat,tm_3717528,Paradou AC,2,1,home
mt_644261221,2026-05-08,comp_29906,tm_092072,MC Alger,tm_5261666,MB Rouissat,1,1,draw
mt_893888269,2026-04-09,comp_29906,tm_281879,MC Oran,tm_5261666,MB Rouissat,2,1,home
mt_893570884,2026-03-18,comp_29906,tm_0112748,ES Ben Aknoun,tm_5261666,MB Rouissat,3,2,home
mt_378775051,2026-08-29,comp_4540,tm_722920,Huracán,tm_0443549,Estudiantes de Río Cuarto,1,1,draw
mt_150554487,2026-08-21,comp_4540,tm_0443549,Estudiantes de Río Cuarto,tm_26068,San Lorenzo,0,0,draw
mt_981878871,2026-08-17,comp_4540,tm_0443549,Estudiantes de Río Cuarto,tm_544234,Atlético Tucumán,0,1,away
mt_643424410,2026-08-08,comp_4540,tm_922132,Independiente Rivadavia,tm_0443549,Estudiantes de Río Cuarto,2,1,home
mt_200250509,2026-08-01,comp_4540,tm_0443549,Estudiantes de Río Cuarto,tm_79300,Banfield,0,0,draw
mt_733743426,2026-07-29,comp_4540,tm_63454,Argentinos Juniors,tm_0443549,Estudiantes de Río Cuarto,3,0,home
mt_899839346,2026-07-25,comp_4540,tm_0443549,Estudiantes de Río Cuarto,tm_844540,Tigre,1,0,home
mt_518473547,2026-05-05,comp_4540,tm_0443549,Estudiantes de Río Cuarto,tm_32231,Instituto De Córdoba,0,2,away
mt_378775538,2026-08-28,comp_4540,tm_04237,Club Atlético Unión de Santa Fe,tm_865263,Sarmiento,4,1,home
mt_895939994,2026-08-23,comp_4540,tm_865263,Sarmiento,tm_63492,Estudiantes de La Plata,2,0,home
mt_206050050,2026-08-16,comp_4540,tm_865263,Sarmiento,tm_722920,Huracán,2,0,home
mt_895939928,2026-08-08,comp_4540,tm_544234,Atlético Tucumán,tm_865263,Sarmiento,1,2,away
mt_988978718,2026-08-03,comp_4540,tm_865263,Sarmiento,tm_922132,Independiente Rivadavia,2,1,home
mt_155195931,2026-07-28,comp_4540,tm_79300,Banfield,tm_865263,Sarmiento,3,2,home
mt_466406090,2026-07-23,comp_4540,tm_865263,Sarmiento,tm_63454,Argentinos Juniors,2,3,away
mt_466162844,2026-07-17,comp_08235,tm_865263,Sarmiento,tm_91813,Boca Juniors,0,2,away
mt_894625730,2026-08-30,comp_9788,tm_10539,Derry City,tm_38765,Shamrock Rovers,3,3,draw
mt_150613431,2026-08-27,comp_408698,tm_02792,KuPS,tm_38765,Shamrock Rovers,1,0,home
mt_981109142,2026-08-20,comp_408698,tm_38765,Shamrock Rovers,tm_02792,KuPS,1,1,draw
mt_024895541,2026-08-13,comp_7739,tm_7994772,KF Egnatia,tm_38765,Shamrock Rovers,5,1,home
mt_209836191,2026-08-07,comp_9788,tm_38765,Shamrock Rovers,tm_79344,Dundalk FC,3,2,home
mt_206981151,2026-08-04,comp_7739,tm_38765,Shamrock Rovers,tm_7994772,KF Egnatia,3,1,home
mt_517362965,2026-07-31,comp_9788,tm_10595,Drogheda United,tm_38765,Shamrock Rovers,0,0,draw
mt_022907155,2026-07-28,comp_3498,tm_38765,Shamrock Rovers,tm_7937035,FC Ararat-Armenia,2,1,home
mt_153740898,2026-08-28,comp_9788,tm_9779104,Galway United,tm_04289,Shelbourne,1,1,draw
mt_732019625,2026-08-09,comp_9788,tm_04289,Shelbourne,tm_79322,St. Patrick's Athletic,1,2,away
mt_739267926,2026-08-06,comp_408698,tm_52627,AFC Ajax,tm_04289,Shelbourne,3,1,home
mt_641583012,2026-08-02,comp_9788,tm_04220,Waterford FC,tm_04289,Shelbourne,1,0,home
mt_899722786,2026-07-30,comp_408698,tm_295323,Nõmme Kalju,tm_04289,Shelbourne,2,1,home
mt_377230814,2026-07-23,comp_408698,tm_04289,Shelbourne,tm_295323,Nõmme Kalju,5,2,home
mt_517362359,2026-07-03,comp_9788,tm_04289,Shelbourne,tm_79344,Dundalk FC,2,1,home
mt_206678887,2026-08-27,comp_623699,tm_842023,Blooming,tm_6013335,CDT Real Oruro,1,1,draw
mt_378812273,2026-08-23,comp_623699,tm_6013335,CDT Real Oruro,tm_721023,Bolívar,2,4,away
mt_467781161,2026-08-15,comp_623699,tm_6013335,CDT Real Oruro,tm_163508,Oriente Petrolero,2,3,away
mt_155863349,2026-08-07,comp_623699,tm_4815706,CD Real Tomayapo,tm_6013335,CDT Real Oruro,1,2,away
mt_899702948,2026-08-04,comp_623699,tm_8745558,Academia del Balompié Boliviano,tm_6013335,CDT Real Oruro,4,1,home
mt_988320867,2026-08-01,comp_623699,tm_6013335,CDT Real Oruro,tm_4102881,Independiente Petrolero,0,3,away
mt_644098263,2026-07-25,comp_623699,tm_215029,Guabirá,tm_6013335,CDT Real Oruro,4,1,home
mt_644098204,2026-07-20,comp_623699,tm_189514,Nacional Potosí,tm_6013335,CDT Real Oruro,1,4,away
mt_028973577,2026-08-28,comp_5812,tm_8772057,Kerry FC,tm_4168514,Treaty United FC,3,1,home
mt_370251236,2026-08-21,comp_5812,tm_4168514,Treaty United FC,tm_652868,Cork City,2,2,draw
mt_986402434,2026-08-07,comp_5812,tm_47604,Cobh Ramblers FC,tm_4168514,Treaty United FC,2,0,home
mt_894620673,2026-08-03,comp_5812,tm_85942,University College Dublin,tm_4168514,Treaty United FC,1,2,away
mt_028973995,2026-07-31,comp_5812,tm_4168514,Treaty United FC,tm_47652,Longford Town,0,1,away
mt_370251225,2026-07-24,comp_5812,tm_4168514,Treaty United FC,tm_85959,Athlone Town,2,1,home
mt_517364344,2026-07-10,comp_5812,tm_26056,Finn Harps,tm_4168514,Treaty United FC,0,1,away
mt_370251283,2026-07-03,comp_5812,tm_4168514,Treaty United FC,tm_8772057,Kerry FC,2,1,home
mt_517364355,2026-08-28,comp_5812,tm_652868,Cork City,tm_842722,Wexford FC,2,0,home
mt_894620689,2026-08-21,comp_5812,tm_842722,Wexford FC,tm_85959,Athlone Town,0,2,away
mt_028973950,2026-08-07,comp_5812,tm_85942,University College Dublin,tm_842722,Wexford FC,4,1,home
mt_732015063,2026-08-03,comp_5812,tm_842722,Wexford FC,tm_26090,Bray Wanderers,2,1,home
mt_986402442,2026-07-31,comp_5812,tm_47604,Cobh Ramblers FC,tm_842722,Wexford FC,1,0,home
mt_732015004,2026-07-25,comp_5812,tm_47652,Longford Town,tm_842722,Wexford FC,1,2,away
mt_028973939,2026-07-10,comp_5812,tm_842722,Wexford FC,tm_8772057,Kerry FC,2,2,draw
mt_641589530,2026-07-03,comp_5812,tm_26056,Finn Harps,tm_842722,Wexford FC,1,0,home
mt_465198295,2026-08-28,comp_5812,tm_85942,University College Dublin,tm_26056,Finn Harps,5,4,home
mt_465198149,2026-08-21,comp_5812,tm_26056,Finn Harps,tm_47604,Cobh Ramblers FC,1,3,away
mt_209837817,2026-08-07,comp_5812,tm_26090,Bray Wanderers,tm_26056,Finn Harps,5,0,home
mt_370251240,2026-08-03,comp_5812,tm_47652,Longford Town,tm_26056,Finn Harps,5,0,home
mt_517364333,2026-07-31,comp_5812,tm_26056,Finn Harps,tm_652868,Cork City,0,3,away
mt_641589596,2026-07-24,comp_5812,tm_8772057,Kerry FC,tm_26056,Finn Harps,2,1,home
mt_209837828,2026-08-28,comp_5812,tm_85959,Athlone Town,tm_26090,Bray Wanderers,2,1,home
mt_153746780,2026-08-07,comp_5812,tm_85959,Athlone Town,tm_47652,Longford Town,2,1,home
mt_465198114,2026-08-03,comp_5812,tm_652868,Cork City,tm_85959,Athlone Town,3,2,home
mt_153746775,2026-07-31,comp_5812,tm_85959,Athlone Town,tm_85942,University College Dublin,0,0,draw
mt_732015052,2026-07-10,comp_5812,tm_85959,Athlone Town,tm_47604,Cobh Ramblers FC,2,0,home
mt_028973943,2026-07-03,comp_5812,tm_26090,Bray Wanderers,tm_85959,Athlone Town,1,0,home
mt_986402493,2026-08-28,comp_5812,tm_47604,Cobh Ramblers FC,tm_47652,Longford Town,2,2,draw
mt_641589508,2026-08-03,comp_5812,tm_8772057,Kerry FC,tm_47604,Cobh Ramblers FC,3,0,home
mt_465198182,2026-07-24,comp_5812,tm_47604,Cobh Ramblers FC,tm_26090,Bray Wanderers,1,2,away
mt_465198171,2026-07-03,comp_5812,tm_47604,Cobh Ramblers FC,tm_652868,Cork City,0,1,away
mt_641589561,2026-08-21,comp_5812,tm_8772057,Kerry FC,tm_85942,University College Dublin,1,1,draw
mt_894620664,2026-07-24,comp_5812,tm_85942,University College Dublin,tm_652868,Cork City,5,2,home
mt_153746769,2026-07-10,comp_5812,tm_26090,Bray Wanderers,tm_85942,University College Dublin,6,0,home
mt_894620602,2026-07-04,comp_5812,tm_47652,Longford Town,tm_85942,University College Dublin,2,1,home
mt_153746716,2026-08-22,comp_5812,tm_47652,Longford Town,tm_26090,Bray Wanderers,4,2,home
mt_209837886,2026-07-31,comp_5812,tm_26090,Bray Wanderers,tm_8772057,Kerry FC,0,4,away
mt_517364399,2026-08-07,comp_5812,tm_652868,Cork City,tm_8772057,Kerry FC,3,1,home
mt_986402421,2026-07-10,comp_5812,tm_652868,Cork City,tm_47652,Longford Town,3,4,away
mt_988300201,2026-09-01,comp_6258,tm_15577,Stade Nyonnais,tm_89994,FC Winterthur,2,2,draw
mt_733611971,2026-08-28,comp_6258,tm_89994,FC Winterthur,tm_928709,FC Stade-Lausanne-Ouchy,1,1,draw
mt_988300240,2026-08-21,comp_6258,tm_167960,FC Rapperswil-Jona,tm_89994,FC Winterthur,0,2,away
mt_511966415,2026-08-07,comp_6258,tm_89994,FC Winterthur,tm_46602,FC Wil 1900,5,0,home
mt_733611543,2026-07-31,comp_6258,tm_02225,SC Kriens,tm_89994,FC Winterthur,2,0,home
mt_988300198,2026-07-24,comp_6258,tm_89994,FC Winterthur,tm_15555,Yverdon-Sport FC,2,2,draw
mt_893858477,2026-05-16,comp_4084,tm_89994,FC Winterthur,tm_51184,FC Luzern,0,3,away
mt_734797267,2026-05-12,comp_4084,tm_73342,Grasshopper Club Zürich,tm_89994,FC Winterthur,3,2,home
mt_200133796,2026-09-01,comp_6258,tm_20050,Neuchâtel Xamax,tm_15555,Yverdon-Sport FC,1,2,away
mt_022577403,2026-08-28,comp_6258,tm_37703,FC Aarau,tm_20050,Neuchâtel Xamax,2,1,home
mt_511966252,2026-08-21,comp_6258,tm_20050,Neuchâtel Xamax,tm_928709,FC Stade-Lausanne-Ouchy,1,2,away
mt_022577379,2026-08-07,comp_6258,tm_37748,Étoile Carouge FC,tm_20050,Neuchâtel Xamax,0,1,away
mt_155844013,2026-07-31,comp_6258,tm_46602,FC Wil 1900,tm_20050,Neuchâtel Xamax,1,2,away
mt_988300219,2026-07-24,comp_6258,tm_20050,Neuchâtel Xamax,tm_02225,SC Kriens,3,2,home
mt_986218119,2026-05-15,comp_6258,tm_928709,FC Stade-Lausanne-Ouchy,tm_20050,Neuchâtel Xamax,2,1,home
mt_641934332,2026-05-11,comp_6258,tm_20050,Neuchâtel Xamax,tm_37748,Étoile Carouge FC,3,0,home
mt_643968309,2026-08-31,comp_3758,tm_2672980,Arda Kardzhali,tm_800623,Botev Vratsa,2,0,home
mt_511453439,2026-08-24,comp_3758,tm_91182,Lokomotiv Plovdiv,tm_2672980,Arda Kardzhali,0,1,away
mt_022309390,2026-08-17,comp_3758,tm_2672980,Arda Kardzhali,tm_38880,Lokomotiv Sofia,3,1,home
mt_733570503,2026-08-08,comp_3758,tm_63391,FK Dunav Ruse,tm_2672980,Arda Kardzhali,0,2,away
mt_024100987,2026-07-31,comp_3758,tm_1095841,FC CSKA 1948 Sofia,tm_2672980,Arda Kardzhali,2,1,home
mt_466195728,2026-07-24,comp_3758,tm_2672980,Arda Kardzhali,tm_04425,Slavia Sofia,1,0,home
mt_988406198,2026-07-18,comp_3758,tm_5114555,FK Septemvri Sofia,tm_2672980,Arda Kardzhali,1,1,draw
mt_988613896,2026-05-25,comp_3758,tm_10000,Cherno More Varna,tm_2672980,Arda Kardzhali,2,3,away
mt_022309307,2026-08-30,comp_3758,tm_21980,Botev Plovdiv,tm_52213,Levski Sofia,1,3,away
mt_378135821,2026-08-24,comp_3758,tm_800623,Botev Vratsa,tm_21980,Botev Plovdiv,1,0,home
mt_466841829,2026-08-15,comp_3758,tm_177393,Ludogorets,tm_21980,Botev Plovdiv,2,0,home
mt_899086063,2026-08-10,comp_3758,tm_21980,Botev Plovdiv,tm_85553,FK Spartak Varna,3,2,home
mt_200839683,2026-08-01,comp_3758,tm_21980,Botev Plovdiv,tm_10000,Cherno More Varna,1,0,home
mt_733604305,2026-07-27,comp_3758,tm_47764,CSKA Sofia,tm_21980,Botev Plovdiv,3,2,home
mt_155743649,2026-07-21,comp_3758,tm_21980,Botev Plovdiv,tm_38880,Lokomotiv Sofia,1,1,draw
mt_200961071,2026-05-25,comp_3758,tm_91182,Lokomotiv Plovdiv,tm_21980,Botev Plovdiv,2,1,home
mt_747671114,2026-05-16,comp_08207,tm_5423535,London City Lionesses,tm_4778680,Aston Villa,2,1,home
mt_585995554,2026-05-03,comp_08207,tm_3812600,Tottenham FC,tm_5423535,London City Lionesses,2,1,home
mt_979339938,2026-04-26,comp_08207,tm_5423535,London City Lionesses,tm_7515973,Leicester City,5,1,home
mt_626006655,2026-03-29,comp_08207,tm_9208126,West Ham,tm_5423535,London City Lionesses,1,1,draw
mt_979339947,2026-03-21,comp_08207,tm_5423535,London City Lionesses,tm_8444036,Chelsea FC,1,1,draw
mt_838778807,2026-03-15,comp_08207,tm_5423535,London City Lionesses,tm_515555,Arsenal,0,2,away
mt_838778856,2026-02-15,comp_08207,tm_4894719,Manchester United,tm_5423535,London City Lionesses,2,1,home
mt_252112202,2026-02-08,comp_08207,tm_5423535,London City Lionesses,tm_033281,Everton,0,1,away
mt_626006666,2026-05-16,comp_08207,tm_8444036,Chelsea FC,tm_4894719,Manchester United,1,0,home
mt_191881119,2026-05-02,comp_08207,tm_4894719,Manchester United,tm_6339494,Brighton,1,1,draw
mt_838778882,2026-04-26,comp_08207,tm_3812600,Tottenham FC,tm_4894719,Manchester United,0,0,draw
mt_159343408,2026-04-01,comp_6694,tm_59415,FC Bayern München,tm_4894719,Manchester United,2,1,home
mt_363443324,2026-03-28,comp_08207,tm_4894719,Manchester United,tm_8396648,Manchester City,0,3,away
mt_987606089,2026-03-25,comp_6694,tm_4894719,Manchester United,tm_59415,FC Bayern München,2,3,away
mt_252112289,2026-03-21,comp_08207,tm_4894719,Manchester United,tm_033281,Everton,2,1,home
mt_734231639,2026-03-18,comp_08207,tm_9208126,West Ham,tm_4894719,Manchester United,0,0,draw
mt_895300926,2026-08-30,comp_45025,tm_6209912,Al-Hazem,tm_548644,Al-Shabab,1,1,draw
mt_467088019,2026-08-25,comp_45025,tm_548644,Al-Shabab,tm_8370045,Al-Riyadh,3,3,draw
mt_895300303,2026-08-22,comp_45025,tm_8375958,Al-Khaleej,tm_548644,Al-Shabab,0,0,draw
mt_022317408,2026-08-16,comp_83796,tm_037127,Al-Wehda,tm_548644,Al-Shabab,1,1,home
mt_892746763,2026-05-20,comp_45025,tm_2885215,Al-Najma SC,tm_548644,Al-Shabab,1,0,home
mt_200955201,2026-05-17,comp_45025,tm_548644,Al-Shabab,tm_480982,Al-Ittihad,3,2,home
mt_980361708,2026-05-11,comp_45025,tm_2221233,Neom SC,tm_548644,Al-Shabab,2,1,home
mt_150966541,2026-09-01,comp_45025,tm_466902,Al-Hilal,tm_754497,Al-Ahli,3,0,home
mt_512844167,2026-08-28,comp_45025,tm_8375958,Al-Khaleej,tm_466902,Al-Hilal,1,5,away
mt_150966905,2026-08-20,comp_45025,tm_0153318,Al-Fayha,tm_466902,Al-Hilal,0,3,away
mt_200753611,2026-08-17,comp_83796,tm_226188,Al-Raed,tm_466902,Al-Hilal,0,2,away
mt_643299246,2026-08-14,comp_45025,tm_466902,Al-Hilal,tm_447225,Al-Faisaly,4,2,home
mt_154837865,2026-05-21,comp_45025,tm_0153318,Al-Fayha,tm_466902,Al-Hilal,0,1,away
mt_027589549,2026-05-16,comp_45025,tm_466902,Al-Hilal,tm_2221233,Neom SC,2,0,home
mt_203196535,2026-05-12,comp_45025,tm_156414,Al-Nassr,tm_466902,Al-Hilal,1,1,draw
mt_467088696,2026-08-29,comp_45025,tm_7951491,Al-Kholood,tm_754497,Al-Ahli,3,1,home
mt_512964931,2026-08-26,comp_023414,tm_754497,Al-Ahli,tm_08440915,Auckland FC,1,0,home
mt_739455453,2026-08-22,comp_45025,tm_754497,Al-Ahli,tm_1986637,Abha,4,0,home
mt_155694018,2026-08-17,comp_83796,tm_61938005,Al Anwar,tm_754497,Al-Ahli,1,2,away
mt_980364322,2026-05-20,comp_45025,tm_8375958,Al-Khaleej,tm_754497,Al-Ahli,1,4,away
mt_516972862,2026-05-16,comp_45025,tm_754497,Al-Ahli,tm_7951491,Al-Kholood,3,0,home
mt_895300369,2026-08-28,comp_45025,tm_8370045,Al-Riyadh,tm_2221233,Neom SC,1,0,home
mt_206577566,2026-08-21,comp_45025,tm_8370045,Al-Riyadh,tm_156414,Al-Nassr,0,4,away
mt_377165847,2026-08-17,comp_83796,tm_0435227,Al Zulfi,tm_8370045,Al-Riyadh,0,2,away
mt_467088062,2026-08-14,comp_45025,tm_803264,Al-Ettifaq,tm_8370045,Al-Riyadh,4,2,home
mt_375402420,2026-05-21,comp_45025,tm_8370045,Al-Riyadh,tm_6952308,Al-Okhdood,1,0,home
mt_892746704,2026-05-15,comp_45025,tm_226177,Al-Taawoun,tm_8370045,Al-Riyadh,1,1,draw
mt_648013165,2026-05-10,comp_45025,tm_8370045,Al-Riyadh,tm_552949,Al-Fateh,1,0,home
mt_988480708,2026-08-28,comp_2977,tm_63833,RKC Waalwijk,tm_872387,Jong PSV Eindhoven,2,2,draw
mt_733031250,2026-08-21,comp_2977,tm_04794,Helmond Sport,tm_63833,RKC Waalwijk,1,1,draw
mt_466169527,2026-08-14,comp_2977,tm_63833,RKC Waalwijk,tm_52631,FC Dordrecht,2,2,draw
mt_200803972,2026-08-07,comp_2977,tm_85256,Vitesse,tm_63833,RKC Waalwijk,1,1,draw
mt_377636280,2026-05-09,comp_3809,tm_26373,Willem II Tilburg,tm_63833,RKC Waalwijk,1,1,draw
mt_899383588,2026-05-05,comp_3809,tm_63833,RKC Waalwijk,tm_26373,Willem II Tilburg,0,1,away
mt_377602454,2026-05-01,comp_3809,tm_63833,RKC Waalwijk,tm_04741,Roda JC Kerkrade,1,1,home
mt_733420033,2026-04-28,comp_3809,tm_04741,Roda JC Kerkrade,tm_63833,RKC Waalwijk,1,1,draw
mt_022927173,2026-08-28,comp_2977,tm_04741,Roda JC Kerkrade,tm_38578,NAC Breda,2,2,draw
mt_155754368,2026-08-22,comp_2977,tm_38578,NAC Breda,tm_184981,Jong Ajax,3,2,home
mt_022927852,2026-08-14,comp_2977,tm_38578,NAC Breda,tm_10483,VVV-Venlo,0,2,away
mt_511316737,2026-08-07,comp_2977,tm_85268,TOP Oss,tm_38578,NAC Breda,1,2,away
mt_626491351,2026-05-17,comp_3809,tm_10458,AZ Alkmaar,tm_38578,NAC Breda,3,3,draw
mt_404685896,2026-05-11,comp_3809,tm_38578,NAC Breda,tm_04732,SC Heerenveen,2,0,home
mt_747352970,2026-05-02,comp_3809,tm_85290,FC Utrecht,tm_38578,NAC Breda,2,0,home
mt_363710826,2026-04-25,comp_3809,tm_38578,NAC Breda,tm_52627,AFC Ajax,0,2,away
mt_377275653,2026-08-30,comp_2977,tm_10483,VVV-Venlo,tm_47987,FC Emmen,4,0,home
mt_022927804,2026-08-21,comp_2977,tm_47987,FC Emmen,tm_213523,Jong AZ Alkmaar,3,1,home
mt_899692488,2026-08-17,comp_2977,tm_184981,Jong Ajax,tm_47987,FC Emmen,4,6,away
mt_988480112,2026-08-07,comp_2977,tm_47987,FC Emmen,tm_04741,Roda JC Kerkrade,1,0,home
mt_404611401,2026-04-24,comp_2977,tm_47987,FC Emmen,tm_79130,De Graafschap,1,0,home
mt_979101040,2026-04-17,comp_2977,tm_04741,Roda JC Kerkrade,tm_47987,FC Emmen,2,2,draw
mt_363858505,2026-04-10,comp_2977,tm_63833,RKC Waalwijk,tm_47987,FC Emmen,5,0,home
mt_191045184,2026-04-06,comp_2977,tm_47987,FC Emmen,tm_63855,MVV Maastricht,2,1,home
mt_511316751,2026-08-28,comp_2977,tm_85207,FC Volendam,tm_52631,FC Dordrecht,6,1,home
mt_155754943,2026-08-21,comp_2977,tm_63855,MVV Maastricht,tm_85207,FC Volendam,1,0,home
mt_466169548,2026-08-15,comp_2977,tm_85207,FC Volendam,tm_85268,TOP Oss,3,0,home
mt_899692466,2026-08-10,comp_2977,tm_872387,Jong PSV Eindhoven,tm_85207,FC Volendam,3,2,home
mt_626491364,2026-05-10,comp_3809,tm_38512,Excelsior,tm_85207,FC Volendam,1,1,draw
mt_377275034,2026-08-28,comp_2977,tm_184981,Jong Ajax,tm_04794,Helmond Sport,3,2,home
mt_644548109,2026-08-14,comp_2977,tm_04741,Roda JC Kerkrade,tm_04794,Helmond Sport,2,1,home
mt_733031206,2026-08-09,comp_2977,tm_04794,Helmond Sport,tm_79130,De Graafschap,1,1,draw
mt_747300732,2026-04-24,comp_2977,tm_04709,FC Eindhoven,tm_04794,Helmond Sport,1,0,home
mt_585262615,2026-04-17,comp_2977,tm_04794,Helmond Sport,tm_10483,VVV-Venlo,2,0,home
mt_010474779,2026-04-10,comp_2977,tm_63855,MVV Maastricht,tm_04794,Helmond Sport,0,0,draw
mt_404796486,2026-04-06,comp_2977,tm_04794,Helmond Sport,tm_63833,RKC Waalwijk,2,2,draw
mt_466169516,2026-08-23,comp_2977,tm_10483,VVV-Venlo,tm_79130,De Graafschap,2,1,home
mt_022927891,2026-08-07,comp_2977,tm_10483,VVV-Venlo,tm_38524,Heracles Almelo,3,4,away
mt_626455646,2026-04-24,comp_2977,tm_10483,VVV-Venlo,tm_10419,Almere City FC,3,1,home
mt_191040435,2026-04-11,comp_2977,tm_10483,VVV-Venlo,tm_79130,De Graafschap,3,3,draw
mt_404796441,2026-04-06,comp_2977,tm_872387,Jong PSV Eindhoven,tm_10483,VVV-Venlo,1,0,home
mt_511316862,2026-08-29,comp_2977,tm_79130,De Graafschap,tm_10419,Almere City FC,1,4,away
mt_200803535,2026-08-21,comp_2977,tm_85256,Vitesse,tm_10419,Almere City FC,0,3,away
mt_988480636,2026-08-14,comp_2977,tm_10419,Almere City FC,tm_872387,Jong PSV Eindhoven,3,1,home
mt_644548153,2026-08-08,comp_2977,tm_52648,FC Den Bosch,tm_10419,Almere City FC,1,1,draw
mt_511144235,2026-05-16,comp_3809,tm_26373,Willem II Tilburg,tm_10419,Almere City FC,2,0,home
mt_988822143,2026-05-13,comp_3809,tm_10419,Almere City FC,tm_26373,Willem II Tilburg,0,1,away
mt_644262538,2026-05-09,comp_3809,tm_79130,De Graafschap,tm_10419,Almere City FC,2,2,draw
mt_022101925,2026-05-06,comp_3809,tm_10419,Almere City FC,tm_79130,De Graafschap,3,1,home
mt_377275686,2026-08-31,comp_2977,tm_872387,Jong PSV Eindhoven,tm_184981,Jong Ajax,1,1,draw
mt_988480640,2026-08-07,comp_2977,tm_52631,FC Dordrecht,tm_184981,Jong Ajax,2,1,home
mt_838966892,2026-04-24,comp_2977,tm_184981,Jong Ajax,tm_335407,Jong FC Utrecht Youth,0,2,away
mt_626383832,2026-04-17,comp_2977,tm_872387,Jong PSV Eindhoven,tm_184981,Jong Ajax,0,1,away
mt_838525233,2026-04-13,comp_2977,tm_184981,Jong Ajax,tm_85268,TOP Oss,1,2,away
mt_155670461,2026-08-28,comp_6981,tm_7355123,Comerciantes Unidos,tm_97079701,FC Cajamarca,2,3,away
mt_733509953,2026-08-21,comp_6981,tm_97079701,FC Cajamarca,tm_8572044,Club Atlético Grau,1,3,away
mt_022394445,2026-08-16,comp_6981,tm_97079701,FC Cajamarca,tm_46575,Universitario,2,3,away
mt_155670457,2026-08-09,comp_6981,tm_89455,Melgar,tm_97079701,FC Cajamarca,2,4,away
mt_466817774,2026-08-01,comp_6981,tm_97079701,FC Cajamarca,tm_485775,Sport Huancayo,0,2,away
mt_155670005,2026-07-27,comp_6981,tm_0590745,Deportivo Garcilaso,tm_97079701,FC Cajamarca,2,1,home
mt_200786600,2026-07-17,comp_6981,tm_97079701,FC Cajamarca,tm_6696215,ADC Juan Pablo II,2,2,draw
mt_466689024,2026-05-31,comp_6981,tm_97079701,FC Cajamarca,tm_20961,Alianza Lima,1,1,draw
mt_200786383,2026-08-31,comp_6981,tm_20908,Cienciano,tm_1347030,Cusco FC,1,2,away
mt_988241020,2026-08-23,comp_6981,tm_98619,Sport Boys,tm_20908,Cienciano,5,1,home
mt_155670408,2026-08-16,comp_6981,tm_20908,Cienciano,tm_0590745,Deportivo Garcilaso,0,0,draw
mt_466817970,2026-08-06,comp_6981,tm_37087,Alianza Atlético de Sullana,tm_20908,Cienciano,1,0,home
mt_644953842,2026-08-02,comp_6981,tm_20908,Cienciano,tm_46575,Universitario,2,0,home
mt_377103752,2026-07-30,comp_1615,tm_20908,Cienciano,tm_85960,Lanús,4,0,home
mt_150435918,2026-08-29,comp_9235,tm_26919,Galatasaray,tm_04892,Göztepe,3,2,home
mt_150435987,2026-08-21,comp_9235,tm_552827,Erzurumspor FK,tm_26919,Galatasaray,0,4,away
mt_895249369,2026-08-14,comp_9235,tm_26919,Galatasaray,tm_7246939,Çorum FK,2,2,draw
mt_010403832,2026-05-17,comp_9235,tm_55893,Kasımpaşa,tm_26919,Galatasaray,1,0,home
mt_252627902,2026-05-09,comp_9235,tm_26919,Galatasaray,tm_63159,Antalyaspor,4,2,home
mt_626369144,2026-05-02,comp_9235,tm_52738,Samsunspor,tm_26919,Galatasaray,4,1,home
mt_363831067,2026-04-26,comp_9235,tm_26919,Galatasaray,tm_91646,Fenerbahçe,3,0,home
mt_363831006,2026-04-18,comp_9235,tm_966479,Gençlerbirliği,tm_26919,Galatasaray,1,2,away
mt_200860833,2026-08-29,comp_1965,tm_646259,FK Novi Pazar,tm_779653,FK Mačva Šabac,1,1,draw
mt_155705611,2026-08-23,comp_1965,tm_3043738,FK Radnik Surdulica,tm_646259,FK Novi Pazar,1,0,home
mt_377287148,2026-08-17,comp_1965,tm_646259,FK Novi Pazar,tm_18469,FK Vojvodina,2,0,home
mt_511321496,2026-08-08,comp_1965,tm_76152,FK Crvena zvezda,tm_646259,FK Novi Pazar,2,0,home
mt_644534952,2026-08-01,comp_1965,tm_646259,FK Novi Pazar,tm_59644,OFK Beograd,1,4,away
mt_899659009,2026-07-26,comp_1965,tm_299726,FK Mladost Lučani,tm_646259,FK Novi Pazar,0,0,draw
mt_022942078,2026-07-18,comp_1965,tm_646259,FK Novi Pazar,tm_288521,FK Radnički 1923,1,0,home
mt_511632346,2026-05-23,comp_1965,tm_18469,FK Vojvodina,tm_646259,FK Novi Pazar,3,0,home
mt_988418406,2026-08-29,comp_1965,tm_5296655,FK Železničar Pančevo,tm_3043738,FK Radnik Surdulica,5,1,home
mt_899659086,2026-08-23,comp_1965,tm_18469,FK Vojvodina,tm_5296655,FK Železničar Pančevo,1,0,home
mt_466176820,2026-08-09,comp_1965,tm_59644,OFK Beograd,tm_5296655,FK Železničar Pančevo,2,2,draw
mt_155705666,2026-08-03,comp_1965,tm_5296655,FK Železničar Pančevo,tm_299726,FK Mladost Lučani,0,0,draw
mt_200829207,2026-07-30,comp_408698,tm_79214,Sporting Braga,tm_5296655,FK Železničar Pančevo,4,0,home
mt_988496131,2026-07-22,comp_408698,tm_5296655,FK Železničar Pančevo,tm_79214,Sporting Braga,0,1,away
mt_899659053,2026-07-17,comp_1965,tm_5296655,FK Železničar Pančevo,tm_373622,FK Radnički Niš,2,1,home
mt_988041483,2026-05-17,comp_1965,tm_646259,FK Novi Pazar,tm_5296655,FK Železničar Pančevo,2,2,draw
mt_466169965,2026-08-29,comp_3169,tm_13715,AaB,tm_487788,HB Køge,0,0,draw
mt_733031123,2026-08-23,comp_3169,tm_487788,HB Køge,tm_988821,Kolding IF,2,2,draw
mt_200803336,2026-08-15,comp_3169,tm_487788,HB Køge,tm_45259,Hvidovre,0,2,away
mt_022927780,2026-08-08,comp_3169,tm_09983,Aarhus Fremad,tm_487788,HB Køge,3,1,home
mt_377275577,2026-07-31,comp_3169,tm_487788,HB Køge,tm_94468,Vejle,0,2,away
mt_988480002,2026-07-25,comp_3169,tm_96304,FC Fredericia,tm_487788,HB Køge,3,0,home
mt_837627362,2025-03-29,comp_3169,tm_84723,Boldklubben af 1893,tm_487788,HB Køge,2,2,draw
mt_629454206,2025-03-14,comp_3169,tm_487788,HB Køge,tm_53372,FC Roskilde,2,1,home
mt_022927727,2026-08-30,comp_3169,tm_29120,Hillerød,tm_96964,Hobro,3,1,home
mt_511316663,2026-08-20,comp_3169,tm_08517,Vendsyssel FF,tm_29120,Hillerød,1,0,home
mt_899692239,2026-08-15,comp_3169,tm_29120,Hillerød,tm_09983,Aarhus Fremad,1,1,draw
mt_466169909,2026-08-09,comp_3169,tm_94468,Vejle,tm_29120,Hillerød,5,4,home
mt_511316679,2026-08-01,comp_3169,tm_29120,Hillerød,tm_30235,Esbjerg,2,3,away
mt_377275555,2026-07-24,comp_3169,tm_13715,AaB,tm_29120,Hillerød,1,0,home
mt_251831580,2025-03-28,comp_3169,tm_08517,Vendsyssel FF,tm_29120,Hillerød,0,0,draw
mt_972848731,2025-03-14,comp_3169,tm_29120,Hillerød,tm_84723,Boldklubben af 1893,1,1,draw
mt_466815574,2026-08-28,comp_7938,tm_30450,AC Horsens,tm_84684,Viborg FF,2,3,away
mt_988246681,2026-08-14,comp_7938,tm_84684,Viborg FF,tm_29826,AGF,2,1,home
mt_022398829,2026-08-07,comp_7938,tm_45144,Sønderjyske Fodbold,tm_84684,Viborg FF,0,0,draw
mt_155673393,2026-08-02,comp_7938,tm_29810,Brøndby IF,tm_84684,Viborg FF,1,0,home
mt_899064448,2026-07-24,comp_7938,tm_84684,Viborg FF,tm_61506,Odense Boldklub,1,0,home
mt_021441577,2026-05-17,comp_7938,tm_29826,AGF,tm_84684,Viborg FF,6,2,home
mt_205665828,2026-05-08,comp_7938,tm_84684,Viborg FF,tm_45144,Sønderjyske Fodbold,0,1,away
mt_377120010,2026-08-30,comp_7938,tm_62451,Lyngby,tm_61506,Odense Boldklub,1,1,draw
mt_899064492,2026-08-23,comp_7938,tm_30450,AC Horsens,tm_62451,Lyngby,2,1,home
mt_155673359,2026-08-16,comp_7938,tm_62451,Lyngby,tm_72074,FC Midtjylland,1,1,draw
mt_733502241,2026-08-09,comp_7938,tm_29137,Randers FC,tm_62451,Lyngby,2,0,home
mt_899064454,2026-08-01,comp_7938,tm_62451,Lyngby,tm_29826,AGF,2,2,draw
mt_988246678,2026-07-26,comp_7938,tm_08959,FC København,tm_62451,Lyngby,3,2,home
mt_837086043,2025-05-24,comp_7938,tm_62451,Lyngby,tm_13715,AaB,3,1,home
mt_364132166,2025-05-18,comp_7938,tm_45144,Sønderjyske Fodbold,tm_62451,Lyngby,5,1,home
mt_986424489,2026-08-30,comp_6917,tm_01490,Sandvikens IF,tm_25022,Östers IF,1,1,draw
mt_732050035,2026-08-25,comp_6917,tm_25022,Östers IF,tm_58135,GIF Sundsvall,1,0,home
mt_022937003,2026-08-19,comp_1112,tm_83563,Högaborgs BK,tm_25022,Östers IF,0,4,away
mt_465181165,2026-08-15,comp_6917,tm_01449,Ljungskile SK,tm_25022,Östers IF,2,3,away
mt_465188078,2026-08-08,comp_6917,tm_25022,Östers IF,tm_97839,Landskrona BoIS,0,1,away
mt_986422786,2026-08-01,comp_6917,tm_62358,Östersunds FK,tm_25022,Östers IF,1,0,home
mt_986422770,2026-07-27,comp_6917,tm_25022,Östers IF,tm_293883,Varbergs BoIS,3,0,home
mt_732055446,2026-07-18,comp_6917,tm_25022,Östers IF,tm_36738,IK Brage,3,2,home
mt_370212277,2026-08-29,comp_6917,tm_8695869,United IK Nordic,tm_74365,IFK Norrköping,1,3,away
mt_155805351,2026-08-26,comp_1112,tm_25390197,Bollstanäs SK,tm_8695869,United IK Nordic,0,2,away
mt_641595593,2026-08-23,comp_6917,tm_36738,IK Brage,tm_8695869,United IK Nordic,1,2,away
mt_986424473,2026-08-15,comp_6917,tm_8695869,United IK Nordic,tm_293883,Varbergs BoIS,0,0,draw
mt_209878858,2026-08-08,comp_6917,tm_97188,Falkenbergs FF,tm_8695869,United IK Nordic,1,1,draw
mt_641599249,2026-08-02,comp_6917,tm_8695869,United IK Nordic,tm_01449,Ljungskile SK,2,2,draw
mt_641599235,2026-07-28,comp_6917,tm_19654,Helsingborgs IF,tm_8695869,United IK Nordic,1,1,draw
mt_209877503,2026-07-19,comp_6917,tm_8695869,United IK Nordic,tm_83975,Örebro SK,2,0,home
mt_894606639,2026-08-24,comp_6917,tm_74365,IFK Norrköping,tm_97188,Falkenbergs FF,2,1,home
mt_466189441,2026-08-20,comp_1112,tm_11303,Vasalunds IF,tm_74365,IFK Norrköping,1,1,away
mt_153767708,2026-08-15,comp_6917,tm_01490,Sandvikens IF,tm_74365,IFK Norrköping,1,4,away
mt_209877569,2026-08-08,comp_6917,tm_74365,IFK Norrköping,tm_36738,IK Brage,3,0,home
mt_028933133,2026-08-01,comp_6917,tm_74365,IFK Norrköping,tm_19654,Helsingborgs IF,2,0,home
mt_153766991,2026-07-28,comp_6917,tm_97839,Landskrona BoIS,tm_74365,IFK Norrköping,0,1,away
mt_465188006,2026-07-19,comp_6917,tm_74365,IFK Norrköping,tm_01490,Sandvikens IF,3,0,home
mt_981709776,2026-08-28,comp_29522,tm_051238,Al Wasl,tm_2665578,Shabab Al-Ahli Dubai,0,1,away
mt_739417410,2026-08-21,comp_29522,tm_447617,Al-Ittihad Kalba,tm_051238,Al Wasl,0,3,away
mt_022023107,2026-08-15,comp_29522,tm_051238,Al Wasl,tm_4491679,United,5,1,home
mt_159700431,2026-04-19,comp_8833,tm_051238,Al Wasl,tm_156414,Al-Nassr,0,4,away
mt_518264155,2026-03-07,comp_29522,tm_777951,Baniyas,tm_051238,Al Wasl,2,0,home
mt_370457017,2026-02-17,comp_8833,tm_051238,Al Wasl,tm_805320,Al-Zawraa,3,2,home
mt_153845306,2026-02-10,comp_8833,tm_805320,Al-Zawraa,tm_051238,Al Wasl,3,2,home
mt_469545728,2025-12-24,comp_8833,tm_051238,Al Wasl,tm_173787,Al-Wehdat,2,1,home
mt_150941948,2026-08-29,comp_29522,tm_3732626,Khor Fakkan,tm_4566714,Al-Dhafra,2,0,home
mt_981709699,2026-08-22,comp_29522,tm_922337,Al-Ain,tm_3732626,Khor Fakkan,2,0,home
mt_988982733,2026-08-15,comp_29522,tm_3732626,Khor Fakkan,tm_2665578,Shabab Al-Ahli Dubai,1,5,away
mt_642281431,2026-03-16,comp_29522,tm_139481,Al-Jazira,tm_3732626,Khor Fakkan,3,1,home
mt_209122271,2026-02-06,comp_29522,tm_4566714,Al-Dhafra,tm_3732626,Khor Fakkan,2,3,away
mt_589499839,2025-04-12,comp_29522,tm_3732626,Khor Fakkan,tm_9222862,Al Bataeh,1,1,draw
mt_015799402,2025-04-04,comp_29522,tm_7923566,Dibba Al-Hisn,tm_3732626,Khor Fakkan,0,1,away
mt_620855938,2025-03-28,comp_29522,tm_3732626,Khor Fakkan,tm_139481,Al-Jazira,1,0,home
mt_643154466,2026-08-20,comp_45551,tm_173718,Al-Rayyan,tm_2786961,Lusail SC,1,0,home
mt_206980636,2026-08-27,comp_45551,tm_177168,Al-Wakrah,tm_173718,Al-Rayyan,1,2,away
mt_466597542,2026-04-27,comp_45551,tm_177168,Al-Wakrah,tm_700750,Al-Sailiya,3,1,home
mt_376332607,2026-04-08,comp_45551,tm_177168,Al-Wakrah,tm_927021,Al-Gharafa,3,3,draw
mt_021343574,2026-03-17,comp_45551,tm_173718,Al-Rayyan,tm_177168,Al-Wakrah,2,1,home
mt_518231433,2026-03-12,comp_45551,tm_177168,Al-Wakrah,tm_6206529,Al Shamal SC,0,1,away
mt_465887042,2026-02-27,comp_45551,tm_101634,Umm-Salal SC,tm_177168,Al-Wakrah,2,2,draw
mt_733999322,2026-05-25,comp_29906,tm_0472778,USM Khenchela,tm_654689,USM Alger,2,1,home
mt_644426229,2026-05-19,comp_29906,tm_551599,CS Constantine,tm_0472778,USM Khenchela,2,2,draw
mt_022108180,2026-05-08,comp_29906,tm_0472778,USM Khenchela,tm_6224859,MC El Bayadh,2,1,home
mt_022895041,2026-05-04,comp_29906,tm_327352,CR Belouizdad,tm_0472778,USM Khenchela,3,1,home
mt_899262322,2026-04-17,comp_29906,tm_4565508,JS Saoura,tm_0472778,USM Khenchela,3,0,home
mt_159111476,2026-04-10,comp_29906,tm_1535908,ES Mostaganem,tm_0472778,USM Khenchela,0,3,away
mt_734650014,2026-04-05,comp_29906,tm_0472778,USM Khenchela,tm_3717528,Paradou AC,1,0,home
mt_988123846,2026-06-06,comp_29906,tm_281879,MC Oran,tm_654689,USM Alger,2,2,draw
mt_644390459,2026-06-04,comp_29906,tm_0112748,ES Ben Aknoun,tm_654689,USM Alger,2,2,draw
mt_733956356,2026-06-02,comp_29906,tm_654689,USM Alger,tm_327352,CR Belouizdad,1,1,draw
mt_466050554,2026-05-16,comp_45714,tm_865420,Zamalek SC,tm_654689,USM Alger,1,0,draw
mt_377603046,2026-05-12,comp_29906,tm_654689,USM Alger,tm_1535908,ES Mostaganem,1,1,draw
mt_512837384,2026-08-28,comp_2593,tm_7552661,Enosis Neon Ypsona FC,tm_7054701,ALS Omonia,0,3,away
mt_251781981,2025-03-30,comp_2593,tm_7054701,ALS Omonia,tm_38251,AEL Limassol,0,3,away
mt_198634317,2025-03-14,comp_2593,tm_52367,Anorthosis Famagusta,tm_7054701,ALS Omonia,4,2,home
mt_584243575,2025-03-08,comp_2593,tm_7054701,ALS Omonia,tm_52367,Anorthosis Famagusta,0,0,draw
mt_620431083,2025-03-02,comp_2593,tm_04971,AEK Larnaca,tm_7054701,ALS Omonia,2,0,home
mt_402024582,2025-02-22,comp_2593,tm_7054701,ALS Omonia,tm_79570,Nea Salamina Famagusta,2,1,home
mt_013439041,2025-02-15,comp_2593,tm_63964,Ethnikos Achnas,tm_7054701,ALS Omonia,1,0,home
mt_584243548,2025-02-07,comp_2593,tm_7054701,ALS Omonia,tm_47840,Omonia Nicosia,2,3,away
mt_378620275,2026-08-30,comp_2593,tm_8329675,Karmiotissa Polemidion,tm_6261409,Pafos FC,0,3,away
mt_973243649,2025-03-30,comp_2593,tm_79570,Nea Salamina Famagusta,tm_8329675,Karmiotissa Polemidion,0,0,draw
mt_837042485,2025-03-15,comp_2593,tm_8329675,Karmiotissa Polemidion,tm_47196,Enosis Neon Paralimniou,0,2,away
mt_973164602,2025-03-07,comp_2593,tm_8329675,Karmiotissa Polemidion,tm_38251,AEL Limassol,2,1,home
mt_361812378,2025-02-22,comp_2593,tm_8329675,Karmiotissa Polemidion,tm_04971,AEK Larnaca,0,3,away
mt_408781476,2025-02-14,comp_2593,tm_79570,Nea Salamina Famagusta,tm_8329675,Karmiotissa Polemidion,2,1,home
mt_361812312,2025-02-09,comp_2593,tm_8329675,Karmiotissa Polemidion,tm_63964,Ethnikos Achnas,0,0,draw
mt_196067101,2025-02-01,comp_2593,tm_47840,Omonia Nicosia,tm_8329675,Karmiotissa Polemidion,3,0,home
mt_739455409,2026-08-28,comp_45025,tm_0153318,Al-Fayha,tm_1986637,Abha,3,2,home
mt_981722724,2026-08-25,comp_45025,tm_1986637,Abha,tm_8375958,Al-Khaleej,1,1,draw
mt_377165838,2026-08-16,comp_83796,tm_7273059,Al-Orobah,tm_1986637,Abha,0,0,home
mt_895300392,2026-08-13,comp_45025,tm_1986637,Abha,tm_6209912,Al-Hazem,1,2,away
mt_979740364,2025-09-22,comp_83796,tm_1986637,Abha,tm_548644,Al-Shabab,1,1,away
mt_581254952,2024-05-27,comp_45025,tm_6209912,Al-Hazem,tm_1986637,Abha,2,1,home
mt_743975607,2024-05-23,comp_45025,tm_1986637,Abha,tm_8375958,Al-Khaleej,2,1,home
mt_024133130,2026-08-25,comp_45025,tm_803264,Al-Ettifaq,tm_156414,Al-Nassr,2,3,away
mt_643299298,2026-08-22,comp_45025,tm_552949,Al-Fateh,tm_803264,Al-Ettifaq,0,1,away
mt_155694087,2026-08-18,comp_83796,tm_5142736,Al-Jabalain,tm_803264,Al-Ettifaq,1,0,home
mt_648015058,2026-05-21,comp_45025,tm_2221233,Neom SC,tm_803264,Al-Ettifaq,1,1,draw
mt_154830943,2026-05-14,comp_45025,tm_803264,Al-Ettifaq,tm_480982,Al-Ittihad,1,3,away
mt_027584804,2026-05-09,comp_45025,tm_8375958,Al-Khaleej,tm_803264,Al-Ettifaq,0,5,away
mt_377275500,2026-08-21,comp_3169,tm_96964,Hobro,tm_13715,AaB,2,1,home
mt_377275566,2026-08-15,comp_3169,tm_30235,Esbjerg,tm_96964,Hobro,1,2,away
mt_644548821,2026-08-08,comp_3169,tm_96964,Hobro,tm_6438815,AB,1,0,home
mt_899692295,2026-08-02,comp_3169,tm_08517,Vendsyssel FF,tm_96964,Hobro,1,2,away
mt_200803571,2026-07-26,comp_3169,tm_96964,Hobro,tm_09983,Aarhus Fremad,1,2,away
mt_589369834,2025-03-30,comp_3169,tm_96964,Hobro,tm_53372,FC Roskilde,1,1,draw
mt_408616022,2025-03-14,comp_3169,tm_988821,Kolding IF,tm_96964,Hobro,1,0,home
mt_155754496,2026-08-30,comp_3169,tm_45259,Hvidovre,tm_96304,FC Fredericia,2,1,home
mt_155754430,2026-08-22,comp_3169,tm_6438815,AB,tm_45259,Hvidovre,1,1,draw
mt_511316685,2026-08-09,comp_3169,tm_45259,Hvidovre,tm_30235,Esbjerg,2,1,home
mt_899692243,2026-08-01,comp_3169,tm_988821,Kolding IF,tm_45259,Hvidovre,0,1,away
mt_733031114,2026-07-25,comp_3169,tm_45259,Hvidovre,tm_08517,Vendsyssel FF,2,2,draw
mt_364254613,2025-03-29,comp_3169,tm_45259,Hvidovre,tm_30235,Esbjerg,0,3,away
mt_257080510,2025-03-14,comp_3169,tm_45259,Hvidovre,tm_61506,Odense Boldklub,0,0,draw
mt_895328893,2026-08-28,comp_29522,tm_4491679,United,tm_447617,Al-Ittihad Kalba,4,1,home
mt_644649262,2026-08-14,comp_29522,tm_930200,Al-Nasr Dubai,tm_447617,Al-Ittihad Kalba,2,2,draw
mt_734736321,2026-04-09,comp_29522,tm_4770015,Al-Wahda FC,tm_447617,Al-Ittihad Kalba,2,2,draw
mt_251711587,2025-04-11,comp_29522,tm_447617,Al-Ittihad Kalba,tm_2665578,Shabab Al-Ahli Dubai,1,2,away
mt_746100966,2025-04-05,comp_29522,tm_8986369,Al-Orooba,tm_447617,Al-Ittihad Kalba,2,1,home
mt_402911864,2025-03-29,comp_29522,tm_447617,Al-Ittihad Kalba,tm_4770015,Al-Wahda FC,0,1,away
mt_402911802,2025-02-27,comp_29522,tm_9222862,Al Bataeh,tm_447617,Al-Ittihad Kalba,0,0,draw
mt_643286284,2026-08-29,comp_29522,tm_922337,Al-Ain,tm_930200,Al-Nasr Dubai,2,1,home
mt_377371637,2026-08-16,comp_29522,tm_777951,Baniyas,tm_922337,Al-Ain,2,4,away
mt_252830996,2025-08-16,comp_29522,tm_922337,Al-Ain,tm_9222862,Al Bataeh,2,1,home
mt_401274687,2025-06-26,comp_3872,tm_805667,Wydad Casablanca,tm_922337,Al-Ain,1,2,away
mt_019540232,2025-06-23,comp_3872,tm_3039,Manchester City,tm_922337,Al-Ain,6,0,home
mt_583925148,2025-06-19,comp_3872,tm_922337,Al-Ain,tm_37201,Juventus,0,5,away
mt_973233744,2025-04-12,comp_29522,tm_922337,Al-Ain,tm_8986369,Al-Orooba,3,0,home
mt_378224463,2026-08-29,comp_13553,tm_62801590,Kelantan Red Warrior FC,tm_0393709,Kuching City,0,5,away
mt_150767194,2026-08-26,comp_13553,tm_38152,Johor Darul Ta'zim,tm_62801590,Kelantan Red Warrior FC,9,0,home
mt_895388938,2026-08-22,comp_13553,tm_62801590,Kelantan Red Warrior FC,tm_52468,Selangor Football Club,1,4,away
mt_467112201,2026-08-29,comp_13553,tm_04372,Kuala Lumpur City FC,tm_485120,Brunei DPMM FC,1,0,home
mt_512343581,2026-08-26,comp_13553,tm_04372,Kuala Lumpur City FC,tm_0393709,Kuching City,0,6,away
mt_979401318,2026-05-17,comp_13553,tm_0393709,Kuching City,tm_04372,Kuala Lumpur City FC,1,0,home
mt_747019691,2026-05-10,comp_13553,tm_04372,Kuala Lumpur City FC,tm_26799,Negeri Sembilan,2,2,draw
mt_010591187,2026-05-02,comp_13553,tm_38152,Johor Darul Ta'zim,tm_04372,Kuala Lumpur City FC,7,0,home
mt_404210524,2026-04-10,comp_13553,tm_4802209,Kelantan Darul Naim,tm_04372,Kuala Lumpur City FC,0,2,away
mt_252185916,2026-03-15,comp_13553,tm_04372,Kuala Lumpur City FC,tm_52468,Selangor Football Club,2,3,away
mt_626052156,2026-03-07,comp_13553,tm_04372,Kuala Lumpur City FC,tm_0555492,Melaka FC,2,1,home
mt_895538997,2026-08-30,comp_742231,tm_6395166,Istanbul Başakşehir U19,tm_8543378,Kasımpaşa U19,3,0,home
mt_378863761,2026-08-23,comp_742231,tm_1041339,Trabzonspor U19,tm_6395166,Istanbul Başakşehir U19,5,0,home
mt_739947346,2026-08-16,comp_742231,tm_6395166,Istanbul Başakşehir U19,tm_4762050,Kocaelispor U19,2,2,draw
mt_154938764,2026-05-16,comp_742231,tm_9103427,Gaziantep FK U19,tm_6395166,Istanbul Başakşehir U19,0,1,away
mt_203591863,2026-05-09,comp_742231,tm_6395166,Istanbul Başakşehir U19,tm_1750833,Samsunspor U19,3,2,home
mt_375604271,2026-05-02,comp_742231,tm_1033581,Fenerbahçe U19,tm_6395166,Istanbul Başakşehir U19,2,3,away
mt_648210512,2026-04-24,comp_742231,tm_6395166,Istanbul Başakşehir U19,tm_8543378,Kasımpaşa U19,2,3,away
mt_892347630,2026-04-19,comp_742231,tm_1041339,Trabzonspor U19,tm_6395166,Istanbul Başakşehir U19,3,1,home
mt_206652069,2026-08-29,comp_742231,tm_8329747,Galatasaray U19,tm_7910915,Göztepe U19,2,0,home
mt_512285118,2026-08-21,comp_742231,tm_1099384,Erzurumspor U19,tm_8329747,Galatasaray U19,2,3,away
mt_024410394,2026-08-14,comp_742231,tm_8329747,Galatasaray U19,tm_01807528,Çorum FK U19,9,1,home
mt_516879341,2026-05-16,comp_742231,tm_8543378,Kasımpaşa U19,tm_8329747,Galatasaray U19,1,0,home
mt_980763416,2026-05-09,comp_742231,tm_8329747,Galatasaray U19,tm_8543324,Antalyaspor U19,2,0,home
mt_892347696,2026-05-02,comp_742231,tm_1750833,Samsunspor U19,tm_8329747,Galatasaray U19,1,2,away
mt_469052100,2026-04-26,comp_742231,tm_8329747,Galatasaray U19,tm_1033581,Fenerbahçe U19,1,2,away
mt_027185987,2026-04-18,comp_742231,tm_9894739,Gençlerbirliği U19,tm_8329747,Galatasaray U19,2,6,away
mt_643444340,2026-08-23,comp_13553,tm_10634,Penang,tm_485120,Brunei DPMM FC,0,1,away
mt_838625798,2026-05-15,comp_13553,tm_10634,Penang,tm_485120,Brunei DPMM FC,2,1,home
mt_585362922,2026-05-09,comp_13553,tm_485120,Brunei DPMM FC,tm_79517,Sabah FC,0,1,away
mt_838763345,2026-05-03,comp_13553,tm_4222717,Immigration FC,tm_485120,Brunei DPMM FC,3,1,home
mt_010591800,2026-04-25,comp_13553,tm_485120,Brunei DPMM FC,tm_0393709,Kuching City,2,2,draw
mt_191879310,2026-04-12,comp_13553,tm_26799,Negeri Sembilan,tm_485120,Brunei DPMM FC,2,2,draw
mt_838763474,2026-03-15,comp_13553,tm_485120,Brunei DPMM FC,tm_38152,Johor Darul Ta'zim,0,3,away
mt_739006694,2026-08-29,comp_13553,tm_38152,Johor Darul Ta'zim,tm_4222717,Immigration FC,7,0,home
mt_895083336,2026-08-21,comp_13553,tm_38152,Johor Darul Ta'zim,tm_0393709,Kuching City,3,0,home
mt_252836165,2026-05-10,comp_13553,tm_4802209,Kelantan Darul Naim,tm_38152,Johor Darul Ta'zim,1,14,away
mt_838763329,2026-04-28,comp_13553,tm_0555492,Melaka FC,tm_38152,Johor Darul Ta'zim,1,2,away
mt_734144630,2026-04-17,comp_5432,tm_754497,Al-Ahli,tm_38152,Johor Darul Ta'zim,2,1,home
mt_363426030,2026-04-11,comp_13553,tm_38152,Johor Darul Ta'zim,tm_52471,Terengganu,1,1,draw
mt_979442127,2026-05-22,comp_45672,tm_2866707,Dewa United FC,tm_7216263,Bali United FC,0,1,away
mt_010993421,2026-05-17,comp_45672,tm_7216263,Bali United FC,tm_3721324,Bhayangkara Presisi Indonesia FC,4,1,home
mt_191776037,2026-05-11,comp_45672,tm_7216263,Bali United FC,tm_4654899,Borneo FC Samarinda,2,3,away
mt_979442894,2026-05-05,comp_45672,tm_8454677,Madura United FC,tm_7216263,Bali United FC,2,0,home
mt_747005351,2026-04-27,comp_45672,tm_7216263,Bali United FC,tm_0119227,PSM Makassar,2,0,home
mt_747005337,2026-04-23,comp_45672,tm_6131509,Persita Tangerang,tm_7216263,Bali United FC,0,1,away
mt_191776591,2026-04-19,comp_45672,tm_7216263,Bali United FC,tm_8838764,Malut United FC,4,1,home
mt_838660940,2026-04-12,comp_45672,tm_7216204,Persib Bandung,tm_7216263,Bali United FC,3,2,home
mt_584984556,2025-05-24,comp_45672,tm_8454677,Madura United FC,tm_5127947,PSS Sleman,0,3,away
mt_584983678,2025-05-17,comp_45672,tm_5127947,PSS Sleman,tm_4592514,Persija Jakarta,2,1,home
mt_257158360,2025-05-09,comp_45672,tm_2091290,PSIS Semarang,tm_5127947,PSS Sleman,1,2,away
mt_584983643,2025-05-03,comp_45672,tm_5127947,PSS Sleman,tm_0119227,PSM Makassar,3,1,home
mt_972374088,2025-04-26,comp_45672,tm_7216204,Persib Bandung,tm_5127947,PSS Sleman,3,0,home
mt_196897494,2025-04-11,comp_45672,tm_2668375,PSBS Biak,tm_5127947,PSS Sleman,2,1,home
mt_257158393,2025-03-11,comp_45672,tm_5127947,PSS Sleman,tm_1550550,Persis Solo,1,4,away
mt_408201590,2025-03-07,comp_45672,tm_6131509,Persita Tangerang,tm_5127947,PSS Sleman,1,2,away
mt_370127550,2026-05-10,comp_96844,tm_317417,BG Pathum United,tm_4706272,PT Prachuap FC,3,0,home
mt_986247992,2026-05-01,comp_96844,tm_658013,Muang Thong United,tm_317417,BG Pathum United,1,1,draw
mt_028391059,2026-04-25,comp_96844,tm_317417,BG Pathum United,tm_0285757,Nakhon Ratchasima Mazda FC,1,0,home
mt_987043684,2026-04-19,comp_96844,tm_289822,Port FC,tm_317417,BG Pathum United,0,0,draw
mt_465810411,2026-04-04,comp_96844,tm_8608023,Kanchanaburi Power FC,tm_317417,BG Pathum United,0,2,away
mt_986247948,2026-03-22,comp_96844,tm_317417,BG Pathum United,tm_5726446,Ratchaburi,2,2,draw
mt_465810477,2026-03-14,comp_96844,tm_1098585,Rayong FC,tm_317417,BG Pathum United,1,1,draw
mt_641952643,2026-03-08,comp_96844,tm_317417,BG Pathum United,tm_693284,Chonburi FC,2,3,away
mt_206702333,2026-09-03,comp_5242,tm_66113,Grêmio,tm_62523,Internacional,3,1,home
mt_460547908,2026-09-03,comp_1085,tm_25816,Náutico,tm_74037,Botafogo-SP,1,0,home
mt_643540911,2026-08-30,comp_5537,tm_3010286,Estudiantes de Buenos Aires,tm_277616,Club Ferro Carril Oeste,2,2,draw
mt_641552391,2026-08-24,comp_5537,tm_277616,Club Ferro Carril Oeste,tm_033499,All Boys,1,0,home
mt_028991419,2026-08-15,comp_5537,tm_277616,Club Ferro Carril Oeste,tm_772620,Atlanta,3,1,home
mt_732004921,2026-08-09,comp_5537,tm_3030642,Los Andes,tm_277616,Club Ferro Carril Oeste,1,2,away
mt_209885023,2026-08-01,comp_5537,tm_277616,Club Ferro Carril Oeste,tm_00100,Godoy Cruz,1,3,away
mt_209885071,2026-07-26,comp_5537,tm_7252099,Deportivo Morón,tm_277616,Club Ferro Carril Oeste,4,0,home
mt_022095421,2026-07-17,comp_5537,tm_277616,Club Ferro Carril Oeste,tm_38717,Club Atletico Colón,2,0,home
mt_466272228,2026-07-11,comp_5537,tm_4776646,San Miguel,tm_277616,Club Ferro Carril Oeste,0,1,away
mt_732004960,2026-08-30,comp_5537,tm_4704668,Mitre,tm_6326445,Central Norte de Salta,2,2,draw
mt_028991440,2026-08-21,comp_5537,tm_1578794,Deportivo Madryn,tm_4704668,Mitre,4,0,home
mt_209885606,2026-08-15,comp_5537,tm_4704668,Mitre,tm_6402145,Güemes,1,1,draw
mt_986447168,2026-08-09,comp_5537,tm_4704668,Mitre,tm_424881,Defensores de Belgrano,2,1,home
mt_370226741,2026-08-02,comp_5537,tm_9243933,Ciudad de Bolivar,tm_4704668,Mitre,0,2,away
mt_641552454,2026-07-26,comp_5537,tm_4704668,Mitre,tm_177444,Almirante Brown,0,0,draw
mt_153779550,2026-07-17,comp_5537,tm_4704668,Mitre,tm_3812787,Racing de Córdoba,1,0,home
mt_022545503,2026-07-11,comp_5537,tm_3010286,Estudiantes de Buenos Aires,tm_4704668,Mitre,3,0,home
mt_642163819,2026-08-30,comp_1085,tm_988700,CRB,tm_01944,Criciúma,2,1,home
mt_021804771,2026-08-23,comp_1085,tm_01944,Criciúma,tm_19710,Fortaleza,0,2,away
mt_021802057,2026-08-15,comp_1085,tm_01944,Criciúma,tm_19738,Goiás,1,0,home
mt_734273732,2026-07-21,comp_1085,tm_0113078,Novorizontino,tm_01944,Criciúma,0,1,away
mt_642163883,2026-08-22,comp_1085,tm_931189,Cuiabá,tm_19738,Goiás,1,1,draw
mt_642164664,2026-08-19,comp_1085,tm_931189,Cuiabá,tm_097215,Operário-PR,1,0,home
mt_987698943,2026-08-15,comp_1085,tm_25880,Ceará,tm_931189,Cuiabá,1,3,away
mt_642164651,2026-08-09,comp_1085,tm_931189,Cuiabá,tm_19710,Fortaleza,1,1,draw
mt_460546474,2026-07-27,comp_1085,tm_74020,Sport Recife,tm_931189,Cuiabá,1,1,draw
mt_642164646,2026-07-23,comp_1085,tm_931189,Cuiabá,tm_088719,Atlético Goianiense,0,1,away
mt_376037363,2026-07-17,comp_1085,tm_19704,Juventude,tm_931189,Cuiabá,2,0,home
mt_378288853,2026-08-29,comp_8998,tm_79366,Defensor Sporting,tm_9794068,Montevideo City Torque,1,3,away
mt_467844626,2026-08-23,comp_8998,tm_9794068,Montevideo City Torque,tm_10044,Montevideo Wanderers,5,1,home
mt_466800791,2026-08-20,comp_1615,tm_9794068,Montevideo City Torque,tm_844540,Tigre,2,1,home
mt_150016637,2026-08-15,comp_8998,tm_04251,Juventud de Las Piedras,tm_9794068,Montevideo City Torque,0,1,away
mt_644922465,2026-08-12,comp_1615,tm_844540,Tigre,tm_9794068,Montevideo City Torque,0,1,away
mt_378663347,2026-07-31,comp_8998,tm_9794068,Montevideo City Torque,tm_10044,Montevideo Wanderers,0,2,away
mt_512874885,2026-07-24,comp_8998,tm_9794068,Montevideo City Torque,tm_85976,Danubio,1,0,home
mt_022019395,2026-07-11,comp_8998,tm_04251,Juventud de Las Piedras,tm_9794068,Montevideo City Torque,1,3,away
mt_643533380,2026-08-30,comp_8998,tm_736406,Cerro Largo,tm_721373,Liverpool UY,1,1,draw
mt_024300251,2026-08-22,comp_8998,tm_736406,Cerro Largo,tm_79366,Defensor Sporting,1,1,draw
mt_643369500,2026-08-15,comp_8998,tm_10044,Montevideo Wanderers,tm_736406,Cerro Largo,1,1,draw
mt_378864613,2026-08-07,comp_8998,tm_736406,Cerro Largo,tm_04251,Juventud de Las Piedras,1,1,draw
mt_895338854,2026-08-01,comp_8998,tm_38741,Peñarol,tm_736406,Cerro Largo,3,0,home
mt_512885582,2026-07-25,comp_8998,tm_91896,Central Español,tm_736406,Cerro Largo,0,1,away
mt_022019339,2026-07-13,comp_8998,tm_736406,Cerro Largo,tm_79366,Defensor Sporting,1,1,draw
mt_511461426,2026-06-08,comp_8998,tm_721373,Liverpool UY,tm_736406,Cerro Largo,0,0,draw
mt_467669596,2026-08-30,comp_4540,tm_544234,Atlético Tucumán,tm_52125,Belgrano,0,0,draw
mt_467606602,2026-08-23,comp_4540,tm_52125,Belgrano,tm_755964,Defensa y Justicia,1,2,away
mt_378081862,2026-08-19,comp_08235,tm_47610,Racing Club,tm_52125,Belgrano,1,0,home
mt_643424426,2026-08-15,comp_4540,tm_52125,Belgrano,tm_922132,Independiente Rivadavia,2,0,home
mt_206050095,2026-08-10,comp_4540,tm_79300,Banfield,tm_52125,Belgrano,0,2,away
mt_466406007,2026-08-06,comp_4540,tm_844540,Tigre,tm_52125,Belgrano,0,0,draw
mt_988978787,2026-08-01,comp_4540,tm_52125,Belgrano,tm_63454,Argentinos Juniors,0,1,away
mt_511581866,2026-07-23,comp_4540,tm_52125,Belgrano,tm_38728,Rosario Central,2,1,home
mt_467669940,2026-08-23,comp_4540,tm_722920,Huracán,tm_5175881,Deportivo Riestra,0,0,draw
mt_512181161,2026-08-09,comp_4540,tm_26068,San Lorenzo,tm_722920,Huracán,0,2,away
mt_466406071,2026-08-04,comp_4540,tm_722920,Huracán,tm_544234,Atlético Tucumán,0,0,draw
mt_511581888,2026-07-30,comp_4540,tm_922132,Independiente Rivadavia,tm_722920,Huracán,2,1,home
mt_733743410,2026-07-25,comp_4540,tm_722920,Huracán,tm_79300,Banfield,1,0,home
mt_511467384,2026-06-03,comp_08235,tm_8442265,Barracas Central,tm_722920,Huracán,1,0,home
mt_206003322,2026-08-31,comp_4540,tm_755964,Defensa y Justicia,tm_311845,Platense,1,0,home
mt_206967609,2026-08-28,comp_08235,tm_311845,Platense,tm_32231,Instituto De Córdoba,1,1,home
mt_024212219,2026-08-23,comp_4540,tm_8442265,Barracas Central,tm_311845,Platense,1,2,away
mt_733544230,2026-08-19,comp_0499,tm_47691,Coquimbo Unido,tm_311845,Platense,0,0,away
mt_512116635,2026-08-16,comp_4540,tm_311845,Platense,tm_91813,Boca Juniors,1,1,draw
mt_899033490,2026-08-12,comp_0499,tm_311845,Platense,tm_47691,Coquimbo Unido,1,1,draw
mt_024212283,2026-08-09,comp_4540,tm_79355,CA Independiente,tm_311845,Platense,0,1,away
mt_200250565,2026-08-03,comp_4540,tm_311845,Platense,tm_10567,Talleres,0,4,away
mt_512116767,2026-08-29,comp_4540,tm_5175881,Deportivo Riestra,tm_85905,Vélez Sarsfield,1,1,draw
mt_981612187,2026-08-18,comp_08235,tm_5175881,Deportivo Riestra,tm_47685,Gimnasia y Esgrima,1,1,home
mt_467669925,2026-08-15,comp_4540,tm_91829,Newell's Old Boys,tm_5175881,Deportivo Riestra,2,0,home
mt_739343321,2026-08-08,comp_4540,tm_5175881,Deportivo Riestra,tm_63492,Estudiantes de La Plata,2,0,home
mt_377367674,2026-08-02,comp_4540,tm_5175881,Deportivo Riestra,tm_8442265,Barracas Central,0,1,away
mt_644624213,2026-07-29,comp_4540,tm_755964,Defensa y Justicia,tm_5175881,Deportivo Riestra,2,1,home
mt_155195948,2026-07-26,comp_4540,tm_5175881,Deportivo Riestra,tm_91813,Boca Juniors,3,0,home
mt_981124411,2026-08-28,comp_623699,tm_721023,Bolívar,tm_8745558,Academia del Balompié Boliviano,4,1,home
mt_895506604,2026-08-22,comp_623699,tm_8745558,Academia del Balompié Boliviano,tm_8802278,GV San José,2,2,draw
mt_643334828,2026-08-16,comp_623699,tm_189514,Nacional Potosí,tm_8745558,Academia del Balompié Boliviano,2,0,home
mt_377410533,2026-08-07,comp_623699,tm_8745558,Academia del Balompié Boliviano,tm_215029,Guabirá,0,1,away
mt_644098489,2026-07-31,comp_623699,tm_4815706,CD Real Tomayapo,tm_8745558,Academia del Balompié Boliviano,1,1,draw
mt_466289046,2026-07-24,comp_623699,tm_038117,Club Aurora,tm_8745558,Academia del Balompié Boliviano,3,2,home
mt_733651405,2026-07-20,comp_623699,tm_4117987,San Antonio Bulo-Bulo,tm_8745558,Academia del Balompié Boliviano,2,1,home
mt_895506652,2026-08-25,comp_623699,tm_9113429,FC Universitario de Vinto,tm_189514,Nacional Potosí,2,0,home
mt_739950003,2026-08-21,comp_623699,tm_797553,The Strongest,tm_9113429,FC Universitario de Vinto,4,3,home
mt_467776954,2026-08-14,comp_623699,tm_9113429,FC Universitario de Vinto,tm_4815706,CD Real Tomayapo,0,1,away
mt_733652224,2026-08-09,comp_623699,tm_163508,Oriente Petrolero,tm_9113429,FC Universitario de Vinto,5,0,home
mt_377415763,2026-08-06,comp_623699,tm_9113429,FC Universitario de Vinto,tm_134730,Real Potosí,0,2,away
mt_466289697,2026-07-31,comp_623699,tm_9113429,FC Universitario de Vinto,tm_215029,Guabirá,1,1,draw
mt_988320806,2026-07-27,comp_623699,tm_8802278,GV San José,tm_9113429,FC Universitario de Vinto,2,1,home
mt_200173581,2026-07-18,comp_623699,tm_5229336,Club Always Ready,tm_9113429,FC Universitario de Vinto,4,0,home
mt_988241124,2026-08-30,comp_6981,tm_8894258,CD Moquegua,tm_37087,Alianza Atlético de Sullana,1,4,away
mt_200786362,2026-08-21,comp_6981,tm_37087,Alianza Atlético de Sullana,tm_98683,Club Sporting Cristal,3,1,home
mt_733509994,2026-08-15,comp_6981,tm_3120620,Asociación Deportiva Tarma,tm_37087,Alianza Atlético de Sullana,1,1,draw
mt_733509149,2026-08-02,comp_6981,tm_20961,Alianza Lima,tm_37087,Alianza Atlético de Sullana,3,1,home
mt_644953398,2026-07-24,comp_6981,tm_37087,Alianza Atlético de Sullana,tm_0414711,Los Chankas CYC,3,1,home
mt_511432214,2026-07-18,comp_6981,tm_1347030,Cusco FC,tm_37087,Alianza Atlético de Sullana,4,1,home
mt_899958765,2026-05-31,comp_6981,tm_89455,Melgar,tm_37087,Alianza Atlético de Sullana,3,1,home
mt_150067770,2026-08-26,comp_623699,tm_4117987,San Antonio Bulo-Bulo,tm_797553,The Strongest,0,3,away
mt_643395558,2026-08-22,comp_623699,tm_163508,Oriente Petrolero,tm_4117987,San Antonio Bulo-Bulo,4,0,home
mt_024442785,2026-08-15,comp_623699,tm_721023,Bolívar,tm_4117987,San Antonio Bulo-Bulo,4,1,home
mt_733652212,2026-08-08,comp_623699,tm_4117987,San Antonio Bulo-Bulo,tm_189514,Nacional Potosí,2,1,home
mt_511946182,2026-08-05,comp_623699,tm_8802278,GV San José,tm_4117987,San Antonio Bulo-Bulo,0,0,draw
mt_899702927,2026-08-01,comp_623699,tm_4117987,San Antonio Bulo-Bulo,tm_842023,Blooming,2,0,home
mt_988326098,2026-07-25,comp_623699,tm_5229336,Club Always Ready,tm_4117987,San Antonio Bulo-Bulo,3,1,home
mt_641538888,2026-08-30,comp_1992,tm_6641,Sandefjord Fotball,tm_72546,SK Brann,0,0,draw
mt_209802226,2026-08-16,comp_1992,tm_96668,Sarpsborg 08,tm_6641,Sandefjord Fotball,1,2,away
mt_028920059,2026-08-07,comp_1992,tm_6641,Sandefjord Fotball,tm_61854,KFUM Oslo,0,1,away
mt_209802285,2026-08-01,comp_1992,tm_3387,Fredrikstad FK,tm_6641,Sandefjord Fotball,1,0,home
mt_641546695,2026-07-26,comp_1992,tm_6641,Sandefjord Fotball,tm_6686,Bodø/Glimt,0,3,away
mt_517315541,2026-07-18,comp_1992,tm_08322,Viking FK,tm_6641,Sandefjord Fotball,2,1,home
mt_894698896,2026-07-12,comp_1992,tm_6641,Sandefjord Fotball,tm_6628,HamKam,2,2,draw
mt_732037725,2026-05-30,comp_1992,tm_2296,Molde FK,tm_6641,Sandefjord Fotball,2,1,home
mt_894652223,2026-08-30,comp_1992,tm_08322,Viking FK,tm_3376,Aalesunds FK,2,1,home
mt_467647841,2026-08-26,comp_3498,tm_08322,Viking FK,tm_97303,GNK Dinamo Zagreb,3,1,home
mt_981891298,2026-08-18,comp_3498,tm_97303,GNK Dinamo Zagreb,tm_08322,Viking FK,2,2,draw
mt_986489992,2026-08-14,comp_1992,tm_29703,Rosenborg BK,tm_08322,Viking FK,2,1,home
mt_209802210,2026-08-08,comp_1992,tm_08322,Viking FK,tm_96668,Sarpsborg 08,2,1,home
mt_894698808,2026-08-01,comp_1992,tm_3360,IK Start,tm_08322,Viking FK,0,3,away
mt_465164488,2026-07-26,comp_1992,tm_3376,Aalesunds FK,tm_08322,Viking FK,1,1,draw
mt_988143031,2026-07-22,comp_1992,tm_0085,Lillestrøm SK,tm_08322,Viking FK,1,2,away
mt_988479486,2026-08-30,comp_9711,tm_10956,Górnik Zabrze,tm_91783,GKS Katowice,2,3,away
mt_466104106,2026-08-23,comp_9711,tm_91783,GKS Katowice,tm_91719,Wisła Płock,5,0,home
mt_155791747,2026-08-16,comp_9711,tm_455217,Motor Lublin,tm_91783,GKS Katowice,1,0,home
mt_644526961,2026-08-02,comp_9711,tm_91783,GKS Katowice,tm_455998,Radomiak Radom,3,1,home
mt_899874222,2026-07-30,comp_408698,tm_91783,GKS Katowice,tm_98729,MŠK Žilina,3,1,home
mt_200852786,2026-07-26,comp_9711,tm_26508,Wisła Kraków,tm_91783,GKS Katowice,2,1,home
mt_206801798,2026-08-29,comp_5537,tm_9243933,Ciudad de Bolivar,tm_424881,Defensores de Belgrano,1,0,home
mt_517338229,2026-08-22,comp_5537,tm_424881,Defensores de Belgrano,tm_177444,Almirante Brown,0,2,away
mt_153779000,2026-08-14,comp_5537,tm_692602,Atlético de Rafaela,tm_424881,Defensores de Belgrano,0,0,draw
mt_894663976,2026-08-01,comp_5537,tm_424881,Defensores de Belgrano,tm_3010286,Estudiantes de Buenos Aires,1,1,draw
mt_028991298,2026-07-26,comp_5537,tm_033499,All Boys,tm_424881,Defensores de Belgrano,0,0,draw
mt_644030628,2026-07-12,comp_5537,tm_00100,Godoy Cruz,tm_424881,Defensores de Belgrano,1,0,home
mt_894663388,2026-07-04,comp_5537,tm_424881,Defensores de Belgrano,tm_7252099,Deportivo Morón,2,1,home
mt_986447149,2026-08-30,comp_5537,tm_3812787,Racing de Córdoba,tm_38717,Club Atletico Colón,1,0,home
mt_986447114,2026-08-23,comp_5537,tm_9243933,Ciudad de Bolivar,tm_3812787,Racing de Córdoba,1,1,draw
mt_732004934,2026-08-16,comp_5537,tm_3812787,Racing de Córdoba,tm_966292,San Martín de San Juan,0,0,draw
mt_465110798,2026-08-09,comp_5537,tm_3812787,Racing de Córdoba,tm_4776646,San Miguel,1,0,home
mt_641552403,2026-08-02,comp_5537,tm_177444,Almirante Brown,tm_3812787,Racing de Córdoba,2,0,home
mt_894663905,2026-07-26,comp_5537,tm_3812787,Racing de Córdoba,tm_2076831,San Telmo,2,1,home
mt_155808884,2026-07-12,comp_5537,tm_3812787,Racing de Córdoba,tm_2929513,Acassuso,3,2,home
mt_733633330,2026-08-30,comp_9722,tm_15544,NK Nafta Lendava 1903,tm_15981,NK Maribor,2,3,away
mt_155855558,2026-08-21,comp_9722,tm_64203,NK Olimpija Ljubljana,tm_15544,NK Nafta Lendava 1903,1,0,home
mt_155855597,2026-08-15,comp_9722,tm_15544,NK Nafta Lendava 1903,tm_51897,NK Celje,1,3,away
mt_466266605,2026-08-09,comp_9722,tm_02102,NK Aluminij Kidričevo,tm_15544,NK Nafta Lendava 1903,1,1,draw
mt_200100098,2026-08-01,comp_9722,tm_15544,NK Nafta Lendava 1903,tm_3718257,NŠ Mura,5,2,home
mt_899799949,2026-07-26,comp_9722,tm_1051341,NK Bravo,tm_15544,NK Nafta Lendava 1903,0,3,away
mt_022522270,2026-07-17,comp_9722,tm_15544,NK Nafta Lendava 1903,tm_37641,FC Koper,0,2,away
mt_899566399,2026-05-31,comp_9722,tm_15544,NK Nafta Lendava 1903,tm_02151,ND Primorje,1,0,home
mt_988388810,2026-08-29,comp_9722,tm_312235,Kalcer Radomlje,tm_64203,NK Olimpija Ljubljana,0,0,draw
mt_733633345,2026-08-16,comp_9722,tm_312235,Kalcer Radomlje,tm_02102,NK Aluminij Kidričevo,1,3,away
mt_988388879,2026-08-10,comp_9722,tm_3718257,NŠ Mura,tm_312235,Kalcer Radomlje,1,3,away
mt_733633329,2026-08-02,comp_9722,tm_312235,Kalcer Radomlje,tm_1051341,NK Bravo,1,2,away
mt_644044411,2026-07-26,comp_9722,tm_37641,FC Koper,tm_312235,Kalcer Radomlje,2,2,draw
mt_377477706,2026-07-18,comp_9722,tm_312235,Kalcer Radomlje,tm_3813061,Brinje Grosuplje,0,2,away
mt_252026291,2026-05-17,comp_9722,tm_64203,NK Olimpija Ljubljana,tm_312235,Kalcer Radomlje,2,1,home
mt_404647400,2026-05-09,comp_9722,tm_1051341,NK Bravo,tm_312235,Kalcer Radomlje,2,1,home
mt_200133730,2026-09-01,comp_6258,tm_928709,FC Stade-Lausanne-Ouchy,tm_37748,Étoile Carouge FC,3,0,home
mt_466299892,2026-08-28,comp_6258,tm_37748,Étoile Carouge FC,tm_167960,FC Rapperswil-Jona,2,1,home
mt_377455844,2026-08-21,comp_6258,tm_15577,Stade Nyonnais,tm_37748,Étoile Carouge FC,0,0,draw
mt_466299728,2026-07-31,comp_6258,tm_15555,Yverdon-Sport FC,tm_37748,Étoile Carouge FC,1,1,draw
mt_644088986,2026-07-24,comp_6258,tm_37748,Étoile Carouge FC,tm_37703,FC Aarau,3,0,home
mt_028342438,2026-05-15,comp_6258,tm_37748,Étoile Carouge FC,tm_73334,AC Bellinzona,2,2,draw
mt_899722044,2026-08-31,comp_6258,tm_46602,FC Wil 1900,tm_37703,FC Aarau,2,2,draw
mt_988300274,2026-08-28,comp_6258,tm_15555,Yverdon-Sport FC,tm_46602,FC Wil 1900,1,1,draw
mt_466299741,2026-08-22,comp_6258,tm_46602,FC Wil 1900,tm_02225,SC Kriens,0,2,away
mt_899722578,2026-07-24,comp_6258,tm_167960,FC Rapperswil-Jona,tm_46602,FC Wil 1900,4,5,away
mt_732593995,2026-05-15,comp_6258,tm_46602,FC Wil 1900,tm_51113,FC Vaduz,1,3,away
mt_517421246,2026-05-11,comp_6258,tm_73334,AC Bellinzona,tm_46602,FC Wil 1900,2,4,away
mt_988984811,2026-08-31,comp_9777,tm_62204,Dijon,tm_83365,Saint-Étienne,2,3,away
mt_733699539,2026-08-14,comp_9777,tm_62204,Dijon,tm_40020,Pau FC,0,1,away
mt_200166708,2026-08-08,comp_9777,tm_97771,Montpellier,tm_62204,Dijon,1,1,draw
mt_361143042,2025-03-28,comp_5881,tm_53728,FC Rouen,tm_62204,Dijon,0,0,draw
mt_584495751,2025-03-21,comp_5881,tm_62204,Dijon,tm_28260,Valenciennes,2,1,home
mt_972296481,2025-03-14,comp_5881,tm_58829,Nîmes Olympique,tm_62204,Dijon,0,0,draw
mt_257729800,2025-03-07,comp_5881,tm_62204,Dijon,tm_293663,US Orléans,2,2,draw
mt_200166868,2026-08-28,comp_9777,tm_459777,Rodez AF,tm_40020,Pau FC,2,2,draw
mt_511922319,2026-08-21,comp_9777,tm_40020,Pau FC,tm_40015,Nancy,0,1,away
mt_377488265,2026-08-08,comp_9777,tm_40020,Pau FC,tm_0238139,Annecy FC,0,1,away
mt_191039916,2026-05-09,comp_9777,tm_97749,Stade de Reims,tm_40020,Pau FC,5,3,home
mt_979164772,2026-05-02,comp_9777,tm_40020,Pau FC,tm_40015,Nancy,1,3,away
mt_747920444,2026-04-24,comp_9777,tm_0238139,Annecy FC,tm_40020,Pau FC,5,1,home
mt_191037943,2026-04-17,comp_9777,tm_40020,Pau FC,tm_01125,Guingamp,2,1,home
mt_466277179,2026-08-21,comp_9777,tm_36680,Sochaux,tm_01125,Guingamp,1,0,home
mt_155800795,2026-08-14,comp_9777,tm_007490,Red Star FC,tm_36680,Sochaux,0,0,draw
mt_644033516,2026-08-08,comp_9777,tm_36680,Sochaux,tm_83365,Saint-Étienne,0,3,away
mt_641532823,2026-01-11,comp_4750,tm_36680,Sochaux,tm_83394,RC Lens,0,3,away
mt_209620151,2025-12-20,comp_4750,tm_8926373,Bethune St,tm_36680,Sochaux,2,4,away
mt_465790415,2025-11-29,comp_4750,tm_9776492,US Sarre-Union,tm_36680,Sochaux,0,6,away
mt_465525022,2025-11-15,comp_4750,tm_2933500,CA Pontarlier,tm_36680,Sochaux,2,2,away
mt_377488286,2026-08-28,comp_9777,tm_58845,Stade Lavallois,tm_25578,Grenoble Foot 38,0,3,away
mt_155800750,2026-08-22,comp_9777,tm_25506,Metz,tm_58845,Stade Lavallois,1,1,draw
mt_377488270,2026-08-14,comp_9777,tm_58845,Stade Lavallois,tm_36675,Nantes,2,1,home
mt_899755634,2026-08-08,comp_9777,tm_459777,Rodez AF,tm_58845,Stade Lavallois,3,1,home
mt_644319333,2026-05-24,comp_9777,tm_58845,Stade Lavallois,tm_53728,FC Rouen,1,0,home
mt_511274227,2026-05-19,comp_9777,tm_53728,FC Rouen,tm_58845,Stade Lavallois,1,1,draw
mt_252698556,2026-05-02,comp_9777,tm_97782,Troyes,tm_58845,Stade Lavallois,4,0,home
mt_466285281,2026-09-04,comp_720692,tm_77336,Deportivo Pereira,tm_44677,Independiente Medellín,0,3,away
